Crash Number,Date Time,Day Of Week,Object 1,Object 2,Street Number,Steet Name,Cross Street,Location,Latitude,Longitude,Coordinates
28593,01/07/2013 02:49:00 PM,Monday,Auto,Pedestrian,,Walden St,Richdale Ave," Walden St & Richdale Ave Cambridge, MA",42.388942,-71.125,
25010,10/29/2010 08:10:00 PM,Friday,Auto,Pedestrian,99,MOUNT AUBURN ST,,"99 MOUNT AUBURN ST Cambridge, MA",42.372852,-71.120617,
33096,12/01/2014 05:15:00 PM,Monday,Auto,Pedestrian,,Third St,Thorndike St,"Third St & Thorndike St Cambridge, MA",42.369648,-71.080162,
32870,11/01/2014 07:00:00 PM,Saturday,Auto,Pedestrian,,IRVING ST,KIRKLAND ST,"IRVING ST & KIRKLAND ST Cambridge, MA",42.3773613,-71.1106415,
28666,01/30/2013 06:45:00 PM,Wednesday,Auto,Pedestrian,,GARDEN ST,Appian Way," GARDEN ST & Appian Way Cambridge, MA",42.375974,-71.120983,
24618,08/15/2010 03:00:00 PM,Sunday,Auto,Pedestrian,,Cambridge St,Columbia St," Cambridge St & Columbia St Cambridge, MA",42.372912,-71.094512,
23729,01/26/2010 06:59:00 PM,Tuesday,Auto,Pedestrian,,Binney St,Broadway," Binney St & Broadway Cambridge, MA",42.364796,-71.089418,
23811,02/18/2010 09:52:00 AM,Thursday,Auto,Pedestrian,,Brattle St,Appian Way," Brattle St & Appian Way Cambridge, MA",42.374856,-71.122345,
23756,01/26/2010 11:39:00 AM,Tuesday,Truck,Pedestrian,,Western Ave,Massachusetts Ave," Western Ave & Massachusetts Ave Cambridge, MA",42.365574,-71.103991,
23955,03/21/2010 09:11:00 AM,Sunday,Auto,Pedestrian,1692,Massachusetts Ave,,"1692 Massachusetts Ave Cambridge, MA",42.382829,-71.119857,
23904,03/12/2010 06:17:00 PM,Friday,Auto,Pedestrian,5,Chauncy St,,"5 Chauncy St Cambridge, MA",42.380196,-71.120859,
24055,04/14/2010 12:55:00 PM,Wednesday,Auto,Pedestrian,16,GARDEN ST,,"16 GARDEN ST Cambridge, MA",42.377301,-71.12322,
24273,06/01/2010 02:15:00 PM,Tuesday,Auto,Pedestrian,147,ELM ST,Hampshire St,"147 ELM ST Cambridge, MA",42.370467,-71.096968,
23702,01/18/2010 10:21:00 AM,Monday,Auto,Pedestrian,,Massachusetts Ave,Sidney St," Massachusetts Ave & Sidney St Cambridge, MA",42.36295,-71.09958,
24356,06/17/2010 02:00:00 PM,Thursday,Auto,Pedestrian,5,Third St,,"5 Third St Cambridge, MA",42.372262,-71.079743,
23749,02/01/2010 02:25:00 PM,Monday,Auto,Pedestrian,,Broadway,Galileo Galilei Way," Broadway & Galileo Galilei Way Cambridge, MA",42.364812,-71.089386,
24539,07/29/2010 02:45:00 PM,Thursday,Auto,Pedestrian,,Broadway,PROSPECT ST," Broadway & PROSPECT ST Cambridge, MA",42.369317,-71.101021,
24405,07/01/2010 03:40:00 PM,Thursday,Auto,Pedestrian,30,JFK St,,"30 JFK St Cambridge, MA",42.372808,-71.11981,
24596,08/11/2010 07:03:00 PM,Wednesday,Auto,Pedestrian,,Cambridge St,LAMBERT ST," Cambridge St & LAMBERT ST Cambridge, MA",42.371947,-71.087073,
24013,04/06/2010 07:50:00 PM,Tuesday,Auto,Pedestrian,247,PROSPECT ST,,"247 PROSPECT ST Cambridge, MA",42.371492,-71.099917,
23996,04/02/2010 09:59:00 AM,Friday,Auto,Pedestrian,620,Massachusetts Ave,ESSEX ST,"620 Massachusetts Ave Cambridge, MA",42.365024,-71.103402,
23983,03/30/2010 06:34:00 AM,Tuesday,Auto,Pedestrian,428,Massachusetts Ave,,"428 Massachusetts Ave Cambridge, MA",42.363434,-71.100726,
23965,03/25/2010 05:35:00 PM,Thursday,Pedestrian,Bicycle,28,Dewolfe St,,"28 Dewolfe St Cambridge, MA",42.369371,-71.116741,
23809,02/17/2010 10:12:00 AM,Wednesday,Auto,Pedestrian,,MAIN ST,Osborn St," MAIN ST & Osborn St Cambridge, MA",42.363102,-71.095278,
23687,01/13/2010 08:29:00 AM,Wednesday,Taxi,Pedestrian,,PEARL ST,Franklin St," PEARL ST & Franklin St Cambridge, MA",42.363651,-71.103735,
24325,06/10/2010 07:50:00 AM,Thursday,Auto,Pedestrian,,Cambridge St,Windsor St," Cambridge St & Windsor St Cambridge, MA",42.37275,-71.093288,
24501,07/20/2010 09:45:00 AM,Tuesday,Auto,Pedestrian,77,Massachusetts Ave,Vassar St,"77 Massachusetts Ave Cambridge, MA",42.359128,-71.093339,
23907,03/14/2010 06:45:00 PM,Sunday,Auto,Pedestrian,,Bishop Allen Dr,PROSPECT ST," Bishop Allen Dr & PROSPECT ST Cambridge, MA",42.366343,-71.10316,
23892,03/08/2010 07:28:00 AM,Monday,Auto,Pedestrian,,Broadway,PROSPECT ST," Broadway & PROSPECT ST Cambridge, MA",42.369317,-71.101021,
31774,02/11/2010 04:54:00 PM,Tuesday,Auto,Pedestrian,,Broadway,PRESCOTT ST," Broadway & PRESCOTT ST Cambridge, MA",42.374368,-71.113638,
23762,02/04/2010 03:49:00 PM,Thursday,Auto,Pedestrian,,Windsor St,Cambridge St," Windsor St & Cambridge St Cambridge, MA",42.37275,-71.093288,
24089,04/22/2010 05:45:00 PM,Thursday,Auto,Pedestrian,90,Massachusetts Ave,,"90 Massachusetts Ave Cambridge, MA",42.359477,-71.094056,
24467,07/14/2010 07:27:00 AM,,Auto,Pedestrian,,PROSPECT ST,Broadway," PROSPECT ST & Broadway Cambridge, MA",42.369317,-71.101021,
23911,03/15/2010 08:29:00 AM,Monday,School Bus,Pedestrian,,Cardinal Medeiros Ave,Binney St," Cardinal Medeiros Ave & Binney St Cambridge, MA",42.397409,-71.130287,
23784,02/09/2010 09:00:00 AM,Tuesday,Auto,Pedestrian,221,MOUNT AUBURN ST,Sparks St,"221 MOUNT AUBURN ST Cambridge, MA",42.374869,-71.12995,
23989,03/31/2010 06:45:00 PM,Wednesday,Auto,Pedestrian,19,White St,,"19 White St Cambridge, MA",42.389523,-71.119007,
23977,03/28/2010 10:50:00 PM,Sunday,Auto,Pedestrian,,DAVENPORT ST,Massachusetts Ave," DAVENPORT ST & Massachusetts Ave Cambridge, MA",42.389419,-71.120032,
24001,04/03/2010 10:12:00 AM,Saturday,Auto,Pedestrian,,MAGAZINE ST,Putnam Ave," MAGAZINE ST & Putnam Ave Cambridge, MA",42.359115,-71.111084,
23890,03/07/2010 09:14:00 AM,Sunday,Taxi,Pedestrian,91,Sidney St,,"91 Sidney St Cambridge, MA",42.360893,-71.10222,
23821,02/20/2010 04:40:00 PM,Saturday,Auto,Pedestrian,282,Massachusetts Ave,,"282 Massachusetts Ave Cambridge, MA",42.361887,-71.098113,
23770,02/08/2010 08:39:00 AM,Monday,Auto,Pedestrian,1,Cambridge Ctr,Broadway,"1 Cambridge Ctr Cambridge, MA",42.36772,-71.074384,
31941,03/15/2014 11:30:00 AM,Saturday,Auto,Pedestrian,359,Rindge Ave,,"359 Rindge Ave Cambridge, MA",,,
31931,03/13/2014 08:38:00 AM,Thursday,Auto,Pedestrian,,Columbia St,Windsor St,"Columbia St & Windsor St Cambridge, MA",,,
29071,05/03/2013 07:30:00 AM,Friday,Auto,Pedestrian,,Rindge Ave,," Rindge Ave &  Cambridge, MA",,,
32221,05/26/2014 06:18:00 PM,Monday,Taxi,Pedestrian,,Columbia St,,"Columbia St Cambridge, MA",,,
31529,11/06/2012 06:49:00 AM,Tuesday,Auto,Pedestrian,,,,"  &  Cambridge, MA",,,
24937,10/15/2010 08:00:00 PM,Friday,Auto,Pedestrian,,Rindge Ave,," Rindge Ave &  Cambridge, MA",,,
23722,01/25/2010 03:20:00 PM,Monday,Auto,Pedestrian,,KIRKLAND ST,," KIRKLAND ST &  Cambridge, MA",,,
33127,12/10/2014 09:19:00 AM,Wednesday,Auto,Pedestrian,,Massachusetts Ave,White St,"Massachusetts Ave & White St Cambridge, MA",,,
31932,03/13/2014 01:52:00 PM,Thursday,Auto,Pedestrian,,Massachusetts Ave,White St,"Massachusetts Ave & White St Cambridge, MA",,,
29870,10/19/2013 08:09:00 AM,Saturday,Auto,Pedestrian,,Cambridge St,," Cambridge St &  Cambridge, MA",,,
24026,04/09/2010 03:50:00 PM,Friday,Auto,Pedestrian,,Church St,," Church St &  Cambridge, MA",,,
30335,01/29/2012 12:59:00 PM,Sunday,Auto,Pedestrian,,Bishop Allen Dr,," Bishop Allen Dr &  Cambridge, MA",,,
28664,01/29/2013 05:35:00 PM,Tuesday,Auto,Pedestrian,,FAYETTE ST,," FAYETTE ST &  Cambridge, MA",,,
31086,08/02/2012 09:17:00 AM,Thursday,Auto,Pedestrian,,,,"  &  Cambridge, MA",,,
26710,10/27/2011 06:01:00 PM,Thursday,Auto,Pedestrian,,Cambridge St,DAY ST," Cambridge St & DAY ST Cambridge, MA",,,
31419,10/10/2012 06:43:00 AM,Wednesday,Auto,Pedestrian,,Beech St,Peabody St," Beech St & Peabody St Cambridge, MA",,,
24084,04/21/2010 09:14:00 AM,Wednesday,Auto,Pedestrian,,HAWTHORNE ST,MOUNT AUBURN ST," HAWTHORNE ST & MOUNT AUBURN ST Cambridge, MA",,,
31713,12/21/2012 11:29:00 PM,,Auto,Pedestrian,,Bishop Allen Dr,," Bishop Allen Dr &  Cambridge, MA",,,
26809,11/16/2011 12:14:00 PM,Wednesday,Truck,Pedestrian,,HOLYOKE ST,," HOLYOKE ST &  Cambridge, MA",,,
29468,08/03/2013 05:32:00 PM,Saturday,Auto,Pedestrian,,North Point Blvd,," North Point Blvd &  Cambridge, MA",,,
29879,11/03/2013 12:58:00 PM,Sunday,Auto,Pedestrian,,,,"  &  Cambridge, MA",,,
23872,03/03/2010 07:44:00 PM,Wednesday,Auto,Pedestrian,,PLEASANT ST,," PLEASANT ST &  Cambridge, MA",,,
25242,12/24/2010 03:13:00 PM,,Auto,Pedestrian,,PEARL ST,," PEARL ST &  Cambridge, MA",,,
31927,03/13/2014 08:38:00 AM,Thursday,Auto,Pedestrian,,Columbia St,Windsor St,"Columbia St & Windsor St Cambridge, MA",,,
30370,02/07/2012 11:29:00 AM,Tuesday,Auto,Pedestrian,,QUINCY ST,LAMSON PL," QUINCY ST & LAMSON PL Cambridge, MA",,,
31441,10/16/2012 05:06:00 PM,Tuesday,Auto,Pedestrian,,FELTON ST,," FELTON ST &  Cambridge, MA",,,
30412,02/17/2012 03:10:00 PM,Friday,Auto,Pedestrian,,SHERMAN ST,," SHERMAN ST &  Cambridge, MA",,,
24031,04/10/2010 04:50:00 PM,Saturday,Auto,Pedestrian,,FRESH POND PKY,," FRESH POND PKY &  Cambridge, MA",,,
33160,12/10/2014 09:19:00 AM,Wednesday,Auto,Pedestrian,,Massachusetts Ave,White St,"Massachusetts Ave & White St Cambridge, MA",,,
25730,03/16/2011 06:59:00 PM,Wednesday,Auto,Pedestrian,,Webster Ave,," Webster Ave &  Cambridge, MA",,,
23990,03/31/2010 02:29:00 PM,Wednesday,Auto,Pedestrian,,Rindge Ave,SCHOOL ST," Rindge Ave & SCHOOL ST Cambridge, MA",,,
31206,08/28/2012 08:29:00 AM,Tuesday,Auto,Pedestrian,,PROSPECT ST,," PROSPECT ST &  Cambridge, MA",,,
33007,10/24/2014 07:49:00 PM,Friday,Auto,Pedestrian,,Windsor St,Broadway,"Windsor St & Broadway Cambridge, MA",42.3671074,-71.0954132,
32064,04/22/2014 08:47:00 PM,Tuesday,Auto,Pedestrian,,HARVARD ST,QUINCY ST,"HARVARD ST & QUINCY ST Cambridge, MA",42.3723068,-71.1151505,
26370,08/19/2011 06:27:00 AM,Friday,Auto,Pedestrian,,Massachusetts Ave,," Massachusetts Ave &  Cambridge, MA",,,
29255,06/07/2013 07:02:00 PM,Friday,Taxi,Pedestrian,,Cambridgeside Pl,," Cambridgeside Pl &  Cambridge, MA",,,
31776,02/11/2014 06:07:00 PM,Tuesday,Auto,Pedestrian,,KIRKLAND ST,,"KIRKLAND ST Cambridge, MA",,,
31957,03/18/2014 01:55:00 PM,Tuesday,Taxi,Pedestrian,,Sidney St,,"Sidney St Cambridge, MA",,,
29368,07/09/2013 12:59:00 PM,Tuesday,Auto,Pedestrian,,DUNSTER ST,," DUNSTER ST &  Cambridge, MA",,,
24161,05/06/2010 06:49:00 PM,Thursday,Auto,Pedestrian,,QUINCY ST,OXFORD AVE," QUINCY ST & OXFORD AVE Cambridge, MA",,,
24394,06/29/2010 07:50:00 AM,Tuesday,Auto,Pedestrian,,Cambridge St,QUINCY ST," Cambridge St & QUINCY ST Cambridge, MA",42.375474,-71.114321,
24651,08/24/2010 02:00:00 PM,Tuesday,Auto,Pedestrian,,Cambridge St,Dana St," Cambridge St & Dana St Cambridge, MA",42.374529,-71.107034,
23971,03/26/2010 05:19:00 PM,Friday,Bus (Other),Pedestrian,,Cambridge St,Cardinal Medeiros Ave," Cambridge St & Cardinal Medeiros Ave Cambridge, MA",42.372123,-71.088456,
23828,02/22/2010 06:24:00 PM,Monday,Auto,Pedestrian,,PRESCOTT ST,HARVARD ST," PRESCOTT ST & HARVARD ST Cambridge, MA",42.372057,-71.114235,
24079,03/30/2010 08:00:00 PM,Tuesday,Auto,Pedestrian,,Columbia St,Hampshire St," Columbia St & Hampshire St Cambridge, MA",42.369917,-71.096192,
23934,03/19/2010 08:49:00 AM,Friday,Auto,Pedestrian,,JFK St,Brattle St," JFK St & Brattle St Cambridge, MA",42.372774,-71.120658,
23870,03/03/2010 05:45:00 PM,Wednesday,Auto,Pedestrian,,Western Ave,GREEN ST," Western Ave & GREEN ST Cambridge, MA",42.36527,-71.105023,
24171,05/08/2010 07:15:00 PM,Saturday,Auto,Pedestrian,,Hampshire St,Clark St," Hampshire St & Clark St Cambridge, MA",42.36748,-71.093228,
23701,01/18/2010 02:23:00 AM,Monday,Auto,Pedestrian,,Massachusetts Ave,HANCOCK ST," Massachusetts Ave & HANCOCK ST Cambridge, MA",42.36838,-71.108783,
24663,08/23/2010 02:19:00 PM,Monday,Auto,Pedestrian,,Cameron Ave,Massachusetts Ave," Cameron Ave & Massachusetts Ave Cambridge, MA",42.397409,-71.130287,
23735,01/26/2010 06:30:00 AM,Tuesday,Auto,Pedestrian,,OXFORD AVE,EVERETT ST," OXFORD AVE & EVERETT ST Cambridge, MA",42.37981,-71.116492,
23750,02/01/2010 05:23:00 PM,Monday,Auto,Pedestrian,,Galileo Galilei Way,Broadway," Galileo Galilei Way & Broadway Cambridge, MA",42.364802,-71.089413,
23880,03/04/2010 08:55:00 PM,Thursday,Auto,Pedestrian,1-Oct,Hampshire St,Webster Ave,"10-1 Hampshire St Cambridge, MA",42.366273,-71.091854,
24407,07/01/2010 02:39:00 PM,Thursday,Auto,Pedestrian,,Massachusetts Ave,ESSEX ST," Massachusetts Ave & ESSEX ST Cambridge, MA",42.36508,-71.10318,
23920,03/14/2010 07:09:00 AM,Sunday,Auto,Pedestrian,,MOUNT AUBURN ST,JFK St," MOUNT AUBURN ST & JFK St Cambridge, MA",42.372566,-71.120145,
24579,08/07/2010 12:46:00 AM,Saturday,Taxi,Pedestrian,,Brookline St,Massachusetts Ave," Brookline St & Massachusetts Ave Cambridge, MA",42.364014,-71.10139,
23772,02/08/2010 04:37:00 PM,Monday,Truck,Pedestrian,78,MOUNT AUBURN ST,,"78 MOUNT AUBURN ST Cambridge, MA",42.372075,-71.119129,
24244,05/25/2010 07:25:00 AM,Tuesday,Auto,Pedestrian,,HARVARD ST,Boardman Pl," HARVARD ST & Boardman Pl Cambridge, MA",42.366646,-71.096859,
24534,07/27/2010 10:27:00 PM,Friday,Pedestrian,Auto,,PLEASANT ST,Allston St," PLEASANT ST & Allston St Cambridge, MA",42.360785,-71.112035,
24034,04/11/2010 06:18:00 PM,Sunday,Auto,Pedestrian,,Massachusetts Ave,PEARL ST," Massachusetts Ave & PEARL ST Cambridge, MA",42.36471,-71.102567,
24172,05/08/2010 01:15:00 PM,Saturday,Auto,Pedestrian,,Cambridge St,PRESCOTT ST," Cambridge St & PRESCOTT ST Cambridge, MA",42.375355,-71.113415,
24384,06/24/2010 09:49:00 PM,Thursday,Auto,Pedestrian,,Albany St,PACIFIC ST," Albany St & PACIFIC ST Cambridge, MA",42.358977,-71.100134,
23757,02/03/2010 08:00:00 AM,Wednesday,Auto,Pedestrian,,Cambridge St,ELM ST," Cambridge St & ELM ST Cambridge, MA",42.373017,-71.095346,
23905,03/13/2010 11:35:00 PM,Saturday,Bus (Other),Pedestrian,,Massachusetts Ave,Albany St," Massachusetts Ave & Albany St Cambridge, MA",42.360828,-71.096012,
28979,04/11/2013 08:49:00 AM,Thursday,Auto,Pedestrian,,Massachusetts Ave,Norfolk St," Massachusetts Ave & Norfolk St Cambridge, MA",42.364424,-71.102083,
31891,03/01/2014 07:45:00 PM,Saturday,Auto,Pedestrian,,Massachusetts Ave,Norfolk St,"Massachusetts Ave & Norfolk St Cambridge, MA",42.3644257,-71.1020813,
33157,12/09/2014 06:04:00 PM,Tuesday,Auto,Pedestrian,,Cambridge St,Willow St,"Cambridge St & Willow St Cambridge, MA",42.3725586,-71.0918198,
26520,09/21/2011 08:29:00 AM,Wednesday,Auto,Pedestrian,,Cambridge St,ELM ST," Cambridge St & ELM ST Cambridge, MA",42.373017,-71.095346,
26636,10/13/2011 11:04:00 AM,Thursday,Auto,Pedestrian,,Massachusetts Ave,Upland Rd," Massachusetts Ave & Upland Rd Cambridge, MA",42.388173,-71.119415,
29361,07/05/2013 06:00:00 AM,Friday,Auto,Pedestrian,,Brattle St,PALMER ST," Brattle St & PALMER ST Cambridge, MA",42.373371,-71.119913,
30137,01/07/2014 03:20:00 PM,Tuesday,Auto,Pedestrian,199,Alewife Brook Pky,,"199 Alewife Brook Pky Cambridge, MA",42.3900223,-71.1421814,
25504,02/05/2011 09:00:00 PM,Saturday,Auto,Pedestrian,,MAIN ST,Windsor St," MAIN ST & Windsor St Cambridge, MA",42.363207,-71.0967,
28936,04/02/2013 04:50:00 PM,Tuesday,Auto,Pedestrian,,MAGAZINE ST,Chalk St," MAGAZINE ST & Chalk St Cambridge, MA",42.361261,-71.108719,
30408,02/16/2012 11:15:00 AM,Thursday,Auto,Pedestrian,,Cambridge St,Windsor St," Cambridge St & Windsor St Cambridge, MA",42.37275,-71.093288,
26820,11/09/2011 08:19:00 PM,Wednesday,Auto,Pedestrian,,MOUNT AUBURN ST,Coolidge Ave," MOUNT AUBURN ST & Coolidge Ave Cambridge, MA",42.37494,-71.139721,
29542,08/22/2013 06:23:00 PM,Thursday,Auto,Pedestrian,,Massachusetts Ave,DAVENPORT ST," Massachusetts Ave & DAVENPORT ST Cambridge, MA",42.389419,-71.120032,
24858,10/01/2010 06:59:00 PM,Friday,Auto,Pedestrian,,Massachusetts Ave,DOUGLASS ST," Massachusetts Ave & DOUGLASS ST Cambridge, MA",42.363897,-71.10119,
32484,07/31/2014 03:10:00 AM,Thursday,Auto,Pedestrian,,Massachusetts Ave,Peabody St,"Massachusetts Ave & Peabody St Cambridge, MA",42.3740692,-71.1188354,
29977,11/25/2013 08:00:00 AM,Monday,Auto,Pedestrian,456,Broadway,,"456 Broadway Cambridge, MA",42.373551,-71.112012,
30797,02/18/2012 08:42:00 AM,Saturday,Auto,Pedestrian,,MOUNT AUBURN ST,Sparks St," MOUNT AUBURN ST & Sparks St Cambridge, MA",42.3747,-71.130587,
24884,10/05/2010 05:16:00 PM,Tuesday,Auto,Pedestrian,,MASON ST,PHILLIPS PL," MASON ST & PHILLIPS PL Cambridge, MA",42.376261,-71.123608,
26510,09/14/2011 06:59:00 PM,Wednesday,Auto,Pedestrian,,MOUNT AUBURN ST,HOLYOKE PL," MOUNT AUBURN ST & HOLYOKE PL Cambridge, MA",42.371757,-71.117847,
29990,11/26/2013 11:55:00 AM,Tuesday,Auto,Pedestrian,,PROSPECT ST,Hampshire St," PROSPECT ST & Hampshire St Cambridge, MA",42.372202,-71.098975,
29786,10/17/2013 08:10:00 PM,Thursday,Auto,Pedestrian,,Brookline St,Franklin St," Brookline St & Franklin St Cambridge, MA",42.362868,-71.102435,
31338,09/26/2012 11:00:00 AM,Wednesday,Auto,Pedestrian,35,Chalk St,,"35 Chalk St Cambridge, MA",42.362171,-71.110086,
25167,12/07/2010 05:35:00 PM,Tuesday,Auto,Pedestrian,,Massachusetts Ave,PEARL ST," Massachusetts Ave & PEARL ST Cambridge, MA",42.36471,-71.102567,
33156,12/09/2014 02:45:00 PM,Tuesday,Auto,Pedestrian,,Vassar St,Massachusetts Ave,"Vassar St & Massachusetts Ave Cambridge, MA",42.3601532,-71.0948792,
25466,02/03/2011 02:19:00 AM,Thursday,Auto,Pedestrian,36,JFK St,,"36 JFK St Cambridge, MA",42.372738,-71.11987,
30882,06/08/2012 09:04:00 AM,Friday,Auto,Pedestrian,,Massachusetts Ave,Temple St," Massachusetts Ave & Temple St Cambridge, MA",42.365973,-71.104675,
30040,12/10/2013 06:20:00 PM,Tuesday,Auto,Pedestrian,,Massachusetts Ave,DUNSTER ST," Massachusetts Ave & DUNSTER ST Cambridge, MA",42.373333,-71.118581,
26333,08/11/2011 09:14:00 AM,Thursday,Truck,Pedestrian,,Cambridge St,Hampshire St," Cambridge St & Hampshire St Cambridge, MA",42.373729,-71.100837,
29591,09/03/2013 08:48:00 AM,Tuesday,Auto,Pedestrian,60,Porter Rd,,"60 Porter Rd Cambridge, MA",42.389403,-71.121671,
28935,04/02/2013 11:25:00 AM,Tuesday,Taxi,Pedestrian,1400,Massachusetts Ave,,"1400 Massachusetts Ave Cambridge, MA",42.373643,-71.119357,
28602,01/08/2013 01:12:00 PM,Tuesday,Auto,Pedestrian,200,Alewife Brook Pky,,"200 Alewife Brook Pky Cambridge, MA",42.389764,-71.142318,
26415,08/29/2011 05:00:00 PM,Monday,Auto,Pedestrian,,Inman St,Bishop Allen Dr," Inman St & Bishop Allen Dr Cambridge, MA",42.367335,-71.104827,
24948,10/18/2010 04:08:00 PM,Monday,Auto,Pedestrian,,Rindge Ave,MIDDLESEX ST," Rindge Ave & MIDDLESEX ST Cambridge, MA",42.393382,-71.131032,
31647,12/06/2012 08:15:00 AM,,Bicycle,Pedestrian,,Vassar St,Massachusetts Ave," Vassar St & Massachusetts Ave Cambridge, MA",42.360154,-71.094882,
31507,10/31/2012 08:48:00 PM,Wednesday,Auto,Pedestrian,1256,Massachusetts Ave,,"1256 Massachusetts Ave Cambridge, MA",42.372549,-71.116292,
25874,04/19/2011 10:30:00 AM,,Auto,Pedestrian,,EVERETT ST,OXFORD ST," EVERETT ST & OXFORD ST Cambridge, MA",42.379822,-71.116506,
30636,04/21/2012 12:42:00 AM,Saturday,Auto,Pedestrian,,Wendell St,OXFORD AVE," Wendell St & OXFORD AVE Cambridge, MA",42.381565,-71.116347,
31787,02/10/2014 06:57:00 PM,Monday,Auto,Pedestrian,,Cambridge St,SCIARAPPA ST,"Cambridge St & SCIARAPPA ST Cambridge, MA",42.3712311,-71.0814896,
25066,11/13/2010 03:00:00 AM,Saturday,Auto,Pedestrian,,Massachusetts Ave,Inman St," Massachusetts Ave & Inman St Cambridge, MA",42.36659,-71.10568,
32217,05/22/2014 07:50:00 AM,Thursday,Auto,Pedestrian,9,Story St,,"9 Story St Cambridge, MA",42.3739014,-71.1225815,
25978,05/20/2011 09:20:00 PM,Friday,Auto,Pedestrian,199,Windsor St,,"199 Windsor St Cambridge, MA",42.366163,-71.095852,
30651,04/23/2012 11:00:00 AM,Monday,Auto,Pedestrian,424,Massachusetts Ave,,"424 Massachusetts Ave Cambridge, MA",42.363399,-71.100652,
31775,02/12/2014 08:50:00 AM,Wednesday,Taxi,Pedestrian,,MOUNT AUBURN ST,DUNSTER ST,"MOUNT AUBURN ST & DUNSTER ST Cambridge, MA",42.3722534,-71.119339,
32154,05/12/2014 08:40:00 AM,Monday,Auto,Pedestrian,,GROVE AVE,HURON AVE,"GROVE AVE & HURON AVE Cambridge, MA",42.3822289,-71.1579361,
32601,08/29/2014 10:19:00 AM,Friday,Auto,Pedestrian,615,Concord Ave,,"615 Concord Ave Cambridge, MA",42.3891411,-71.1459351,
30363,02/04/2012 06:40:00 PM,Saturday,Auto,Pedestrian,189,Cambridge St,,"189 Cambridge St Cambridge, MA",42.371015,-71.079067,
26223,07/15/2011 09:40:00 PM,Friday,Auto,Pedestrian,55,Bishop Allen Dr,,"55 Bishop Allen Dr Cambridge, MA",42.364857,-71.100491,
33032,11/14/2014 04:41:00 AM,Friday,Auto,Pedestrian,,Massachusetts Ave,Vassar St,"Massachusetts Ave & Vassar St Cambridge, MA",42.3601532,-71.0948792,
32554,08/16/2014 07:18:00 PM,Saturday,Auto,Pedestrian,,Broadway,ELLERY ST,"Broadway & ELLERY ST Cambridge, MA",42.3727531,-71.109726,
29972,11/22/2013 05:51:00 PM,Friday,Auto,Pedestrian,,Cambridge St,FIRST ST," Cambridge St & FIRST ST Cambridge, MA",42.370636,-71.076934,
31350,09/28/2012 07:30:00 PM,Friday,Auto,Pedestrian,,Binney St,FIRST ST," Binney St & FIRST ST Cambridge, MA",42.365142,-71.078206,
29880,11/03/2013 02:55:00 PM,Sunday,Auto,Pedestrian,,Auburn St,PEARL ST," Auburn St & PEARL ST Cambridge, MA",42.36314,-71.1043,
26956,12/20/2011 12:14:00 PM,,Auto,Pedestrian,,MOUNT AUBURN ST,DUNSTER ST," MOUNT AUBURN ST & DUNSTER ST Cambridge, MA",42.372252,-71.119339,
25418,01/27/2011 07:09:00 PM,Thursday,Auto,Pedestrian,,Massachusetts Ave,Albany St," Massachusetts Ave & Albany St Cambridge, MA",42.360828,-71.096012,
32259,06/02/2014 04:33:00 PM,Monday,Auto,Pedestrian,,Cambridge St,Second St,"Cambridge St & Second St Cambridge, MA",42.3708611,-71.078598,
29437,07/28/2013 07:05:00 AM,Sunday,Auto,Pedestrian,,Massachusetts Ave,Sidney St," Massachusetts Ave & Sidney St Cambridge, MA",42.36295,-71.09958,
26303,08/04/2011 04:44:00 PM,Thursday,Auto,Pedestrian,,Cambridge St,FIRST ST," Cambridge St & FIRST ST Cambridge, MA",42.370636,-71.076934,
24906,10/08/2010 08:10:00 AM,Friday,Auto,Pedestrian,,Binney St,Kendall Sq," Binney St & Kendall Sq Cambridge, MA",42.362703,-71.089944,
25180,12/10/2010 07:30:00 AM,Friday,Auto,Pedestrian,16,HARVARD ST,,"16 HARVARD ST Cambridge, MA",42.364808,-71.092666,
30526,03/20/2012 09:14:00 AM,Tuesday,Auto,Pedestrian,,Bow St,Massachusetts Ave," Bow St & Massachusetts Ave Cambridge, MA",42.372211,-71.115587,
24755,09/13/2010 07:11:00 PM,Monday,Auto,Pedestrian,55,Broadway,,"55 Broadway Cambridge, MA",42.363846,-71.085722,
33087,11/25/2014 06:32:00 PM,Tuesday,Auto,Pedestrian,,GARDEN ST,Shepard St,"GARDEN ST & Shepard St Cambridge, MA",42.3801155,-71.125061,
32947,10/10/2014 12:00:00 PM,Friday,Auto,Pedestrian,100,Landsdowne St,,"100 Landsdowne St Cambridge, MA",42.3600845,-71.1013489,
31480,10/25/2012 01:15:00 PM,Thursday,Auto,Pedestrian,,Bishop Allen Dr,PROSPECT ST," Bishop Allen Dr & PROSPECT ST Cambridge, MA",42.366343,-71.10316,
29683,09/26/2013 07:28:00 AM,Thursday,Auto,Pedestrian,,KIRKLAND ST,HOLDEN ST," KIRKLAND ST & HOLDEN ST Cambridge, MA",42.377896,-71.108147,
28871,03/13/2013 07:34:00 AM,Wednesday,Auto,Pedestrian,,Rindge Ave,MIDDLESEX ST," Rindge Ave & MIDDLESEX ST Cambridge, MA",42.393382,-71.131032,
26507,09/18/2011 03:45:00 PM,Sunday,Auto,Pedestrian,285,FRESH POND PKY,,"285 FRESH POND PKY Cambridge, MA",42.384559,-71.141664,
32104,05/04/2014 02:30:00 PM,Sunday,Auto,Pedestrian,100,Cambridgeside Pl,,"100 Cambridgeside Pl Cambridge, MA",42.3670807,-71.0765686,
25079,11/17/2010 07:54:00 AM,Wednesday,Auto,Pedestrian,,Broadway,Clark St," Broadway & Clark St Cambridge, MA",42.366648,-71.094246,
26061,06/07/2011 02:45:00 PM,Tuesday,Auto,Pedestrian,,Massachusetts Ave,Vassar St," Massachusetts Ave & Vassar St Cambridge, MA",42.360154,-71.094882,
25075,11/16/2010 06:08:00 AM,Tuesday,Auto,Pedestrian,575,Massachusetts Ave,,"575 Massachusetts Ave Cambridge, MA",42.364881,-71.102534,
30976,07/02/2012 08:07:00 AM,,Auto,Pedestrian,157,Walden St,,"157 Walden St Cambridge, MA",42.38723,-71.128324,
33078,11/20/2014 12:20:00 AM,Thursday,Auto,Pedestrian,,Brattle St,MOUNT AUBURN ST,"Brattle St & MOUNT AUBURN ST Cambridge, MA",42.3752823,-71.1456985,
26901,12/07/2011 06:27:00 PM,Wednesday,Auto,Pedestrian,,Putnam Ave,PLEASANT ST," Putnam Ave & PLEASANT ST Cambridge, MA",42.360131,-71.112777,
32996,10/20/2014 11:47:00 AM,Monday,Auto,Pedestrian,,Franklin St,MAGAZINE ST,"Franklin St & MAGAZINE ST Cambridge, MA",42.3644981,-71.1051483,
31645,12/04/2012 12:30:00 PM,,Auto,Pedestrian,211,Massachusetts Ave,,"211 Massachusetts Ave Cambridge, MA",42.361422,-71.096684,
30428,02/22/2012 07:30:00 PM,Wednesday,Auto,Pedestrian,,Cambridge St,ELLERY ST," Cambridge St & ELLERY ST Cambridge, MA",42.374698,-71.108336,
25131,11/30/2010 07:50:00 AM,Tuesday,Auto,Pedestrian,,Broadway,Trowbridge St," Broadway & Trowbridge St Cambridge, MA",42.373196,-71.110836,
29952,11/19/2013 08:29:00 AM,Tuesday,Auto,Pedestrian,,QUINCY ST,HARVARD ST," QUINCY ST & HARVARD ST Cambridge, MA",42.372305,-71.115147,
30357,02/03/2012 03:34:00 PM,Friday,Auto,Pedestrian,,Massachusetts Ave,Vassar St," Massachusetts Ave & Vassar St Cambridge, MA",42.360154,-71.094882,
29826,10/24/2013 10:15:00 AM,Thursday,Auto,Pedestrian,,MOUNT AUBURN ST,HOLYOKE ST," MOUNT AUBURN ST & HOLYOKE ST Cambridge, MA",42.37197,-71.118574,
30891,06/10/2012 12:59:00 PM,Sunday,Auto,Pedestrian,1414,Massachusetts Ave,,"1414 Massachusetts Ave Cambridge, MA",42.37379,-71.119267,
31299,09/18/2012 10:15:00 AM,Tuesday,Auto,Pedestrian,,Brookline St,Massachusetts Ave," Brookline St & Massachusetts Ave Cambridge, MA",42.364014,-71.10139,
28783,02/21/2013 05:07:00 PM,Thursday,Auto,Pedestrian,,GREEN ST,Sidney St," GREEN ST & Sidney St Cambridge, MA",42.362384,-71.100192,
33102,12/01/2014 05:15:00 PM,Monday,Auto,Pedestrian,,Third St,Thorndike St,"Third St & Thorndike St Cambridge, MA",42.369648,-71.080162,
26305,08/03/2011 04:54:00 AM,Wednesday,Auto,Pedestrian,241,Cambridge St,,"241 Cambridge St Cambridge, MA",42.371137,-71.079952,
27110,12/28/2011 04:35:00 PM,,Auto,Pedestrian,,Massachusetts Ave,Vassar St," Massachusetts Ave & Vassar St Cambridge, MA",42.360154,-71.094882,
26658,10/19/2011 08:07:00 PM,Wednesday,Auto,Pedestrian,,Massachusetts Ave,Western Ave," Massachusetts Ave & Western Ave Cambridge, MA",42.365574,-71.103991,
32858,10/26/2014 08:51:00 PM,Sunday,Auto,Pedestrian,,OXFORD AVE,Wendell St,"OXFORD AVE & Wendell St Cambridge, MA",42.3815651,-71.1163177,
24772,09/04/2010 07:40:00 AM,Saturday,Auto,Pedestrian,,Cambridge St,Warren St," Cambridge St & Warren St Cambridge, MA",42.372102,-71.088276,
24855,10/01/2010 12:56:00 PM,Friday,Auto,Pedestrian,,Brattle St,FARWELL PL," Brattle St & FARWELL PL Cambridge, MA",42.374426,-71.121896,
30348,02/02/2012 03:45:00 PM,Thursday,Auto,Pedestrian,,Hampshire St,Portland St," Hampshire St & Portland St Cambridge, MA",42.366295,-71.091782,
31257,09/08/2012 03:40:00 PM,Saturday,Auto,Pedestrian,310,Rindge Ave,,"310 Rindge Ave Cambridge, MA",42.392737,-71.136915,
29617,09/09/2013 06:01:00 PM,Monday,Auto,Pedestrian,,Rindge Ave,SARGENT ST," Rindge Ave & SARGENT ST Cambridge, MA",42.393417,-71.132049,
28628,01/18/2013 12:40:00 PM,Friday,Auto,Pedestrian,,PROSPECT ST,Bishop Allen Dr," PROSPECT ST & Bishop Allen Dr Cambridge, MA",42.366343,-71.10316,
26900,12/07/2011 05:25:00 PM,Wednesday,Auto,Pedestrian,,Second St,Binney St," Second St & Binney St Cambridge, MA",42.365354,-71.079863,
30443,02/24/2012 07:09:00 PM,Friday,Auto,Pedestrian,615,Concord Ave,,"615 Concord Ave Cambridge, MA",42.389046,-71.14482,
25444,01/31/2011 05:00:00 PM,Monday,Auto,Pedestrian,268,Concord Ave,,"268 Concord Ave Cambridge, MA",42.383354,-71.133195,
25168,12/07/2010 09:42:00 AM,Tuesday,Auto,Pedestrian,225,Hampshire St,Cambridge St,"225 Hampshire St Cambridge, MA",42.373871,-71.100838,
30874,06/05/2012 06:02:00 PM,Tuesday,Auto,Pedestrian,,Massachusetts Ave,Brookline St," Massachusetts Ave & Brookline St Cambridge, MA",42.364014,-71.10139,
29025,04/23/2013 09:00:00 PM,Tuesday,Auto,Pedestrian,,MAIN ST,Columbia St," MAIN ST & Columbia St Cambridge, MA",42.363446,-71.0998,
31695,12/17/2012 04:28:00 PM,,Auto,Pedestrian,,MOUNT AUBURN ST,University Rd," MOUNT AUBURN ST & University Rd Cambridge, MA",42.373363,-71.12296,
30118,12/30/2013 12:53:00 PM,Monday,Auto,Pedestrian,,MAIN ST,Ames St," MAIN ST & Ames St Cambridge, MA",42.362579,-71.088165,
26322,08/09/2011 10:03:00 AM,Tuesday,Truck,Pedestrian,1701,Massachusetts Ave,,"1701 Massachusetts Ave Cambridge, MA",42.369202,-71.110689,
28677,01/31/2013 01:50:00 AM,Thursday,Auto,Pedestrian,,Massachusetts Ave,DUNSTER ST," Massachusetts Ave & DUNSTER ST Cambridge, MA",42.373333,-71.118581,
26009,05/27/2011 01:44:00 PM,Friday,Auto,Pedestrian,,ELIOT ST,MOUNT AUBURN ST," ELIOT ST & MOUNT AUBURN ST Cambridge, MA",42.372869,-71.1214,
29166,05/22/2013 06:45:00 AM,Wednesday,Auto,Pedestrian,,Massachusetts Ave,Windsor St," Massachusetts Ave & Windsor St Cambridge, MA",42.361389,-71.096953,
26670,10/20/2011 03:00:00 PM,Thursday,Auto,Pedestrian,640,Concord Ave,,"640 Concord Ave Cambridge, MA",42.389121,-71.148189,
26127,05/25/2011 08:19:00 AM,Wednesday,Auto,Pedestrian,35,Cambridgepark Dr,,"35 Cambridgepark Dr Cambridge, MA",42.394796,-71.143537,
25861,04/16/2011 08:46:00 PM,,Bus (Other),Pedestrian,,Massachusetts Ave,PROSPECT ST," Massachusetts Ave & PROSPECT ST Cambridge, MA",42.365574,-71.103991,
26180,07/04/2011 09:00:00 PM,,Auto,Pedestrian,,Massachusetts Ave,Porter Rd," Massachusetts Ave & Porter Rd Cambridge, MA",42.390041,-71.120685,
28683,02/01/2013 09:00:00 AM,Saturday,Auto,Pedestrian,,Brookline St,ERIE ST," Brookline St & ERIE ST Cambridge, MA",42.359144,-71.106149,
28682,01/31/2013 10:27:00 PM,Thursday,Taxi,Pedestrian,,PLYMPTON ST,MILL ST," PLYMPTON ST & MILL ST Cambridge, MA",42.37025,-71.117751,
24810,09/23/2010 04:27:00 PM,Thursday,Auto,Pedestrian,,Massachusetts Ave,Hadley St," Massachusetts Ave & Hadley St Cambridge, MA",42.391158,-71.122802,
28747,02/14/2013 08:45:00 PM,Thursday,Auto,Pedestrian,,PEARL ST,Allston St," PEARL ST & Allston St Cambridge, MA",42.359,-71.108813,
25776,03/28/2011 03:40:00 PM,Monday,Auto,Pedestrian,699,MOUNT AUBURN ST,,"699 MOUNT AUBURN ST Cambridge, MA",42.375057,-71.148745,
26647,10/17/2011 03:59:00 PM,Monday,Auto,Pedestrian,,Norfolk St,Bishop Allen Dr," Norfolk St & Bishop Allen Dr Cambridge, MA",42.365231,-71.101285,
26716,10/28/2011 06:34:00 AM,Friday,Auto,Pedestrian,,Belmont St,ERICSSON ST," Belmont St & ERICSSON ST Cambridge, MA",42.375191,-71.154785,
26938,12/15/2011 07:30:00 PM,,Auto,Pedestrian,,MAIN ST,Ames St," MAIN ST & Ames St Cambridge, MA",42.362579,-71.088165,
25302,01/07/2011 08:49:00 AM,Friday,Auto,Pedestrian,,Broadway,PROSPECT ST," Broadway & PROSPECT ST Cambridge, MA",42.369317,-71.101021,
26609,10/12/2011 12:40:00 PM,Wednesday,Auto,Pedestrian,,Webster Ave,York St," Webster Ave & York St Cambridge, MA",42.36999,-71.093404,
31511,11/01/2012 03:30:00 PM,Thursday,Auto,Pedestrian,,QUINCY ST,Cambridge St," QUINCY ST & Cambridge St Cambridge, MA",42.375474,-71.114321,
31513,11/01/2012 09:36:00 PM,Thursday,Auto,Pedestrian,2343,Massachusetts Ave,,"2343 Massachusetts Ave Cambridge, MA",42.396213,-71.128577,
32409,07/14/2014 02:25:00 PM,Monday,Auto,Pedestrian,,Concord Ave,FAWCETT ST,"Concord Ave & FAWCETT ST Cambridge, MA",42.3891563,-71.1459961,
32176,05/16/2014 06:04:00 PM,Friday,Auto,Pedestrian,485,Massachusetts Ave,,"485 Massachusetts Ave Cambridge, MA",42.3639565,-71.1012878,
30632,04/20/2012 12:45:00 PM,Friday,Auto,Pedestrian,,Massachusetts Ave,Creighton St," Massachusetts Ave & Creighton St Cambridge, MA",42.390922,-71.122263,
26885,11/09/2011 08:10:00 PM,,Auto,Pedestrian,,Massachusetts Ave,Linden St," Massachusetts Ave & Linden St Cambridge, MA",42.372887,-71.117119,
30104,12/24/2013 04:57:00 PM,Tuesday,Auto,Pedestrian,1274,Massachusetts Ave,,"1274 Massachusetts Ave Cambridge, MA",42.368925,-71.110257,
30662,04/20/2012 07:15:00 AM,Friday,Auto,Pedestrian,,Brattle St,FAYERWEATHER ST," Brattle St & FAYERWEATHER ST Cambridge, MA",42.376817,-71.137308,
29479,08/07/2013 03:45:00 PM,Wednesday,Auto,Pedestrian,,Cambridge St,Windsor St," Cambridge St & Windsor St Cambridge, MA",42.37275,-71.093288,
25446,01/31/2011 06:56:00 PM,Monday,Taxi,Pedestrian,,Broadway,Columbia St," Broadway & Columbia St Cambridge, MA",42.367871,-71.09736,
25140,12/01/2010 05:20:00 PM,Wednesday,Auto,Pedestrian,,Cambridge St,IRVING ST," Cambridge St & IRVING ST Cambridge, MA",42.375056,-71.1111,
32439,07/16/2014 10:28:00 PM,Wednesday,Auto,Pedestrian,,River St,MEMORIAL DR,"River St & MEMORIAL DR Cambridge, MA",42.3614616,-71.1159592,
33129,12/11/2014 11:40:00 AM,Thursday,Auto,Pedestrian,,Massachusetts Ave,LEE ST,"Massachusetts Ave & LEE ST Cambridge, MA",42.3678322,-71.1076965,
25922,05/06/2011 08:00:00 AM,,Auto,Pedestrian,,Aberdeen Way,MOUNT AUBURN ST," Aberdeen Way & MOUNT AUBURN ST Cambridge, MA",42.375263,-71.145825,
33144,12/04/2014 11:00:00 PM,Thursday,Auto,Pedestrian,,Cambridge St,Third St,"Cambridge St & Third St Cambridge, MA",42.3710213,-71.0798492,
31429,10/13/2012 01:57:00 PM,Saturday,Auto,Pedestrian,49,White St,Porter Cir,"49 White St Cambridge, MA",42.389703,-71.118304,
30396,02/13/2012 08:13:00 PM,Monday,Auto,Pedestrian,,Cambridge St,FIRST ST," Cambridge St & FIRST ST Cambridge, MA",42.370636,-71.076934,
26297,08/03/2011 05:10:00 PM,Wednesday,Auto,Pedestrian,,Cambridge St,Norfolk St," Cambridge St & Norfolk St Cambridge, MA",42.373133,-71.096239,
26842,11/23/2011 07:15:00 AM,Wednesday,Auto,Pedestrian,,Hampshire St,PROSPECT ST," Hampshire St & PROSPECT ST Cambridge, MA",42.372202,-71.098975,
30631,04/20/2012 12:11:00 PM,Friday,Auto,Pedestrian,628,Massachusetts Ave,,"628 Massachusetts Ave Cambridge, MA",42.365153,-71.103629,
29669,09/23/2013 08:00:00 AM,Thursday,Auto,Pedestrian,,MAIN ST,Vassar St," MAIN ST & Vassar St Cambridge, MA",42.362709,-71.089933,
28776,02/20/2013 04:48:00 PM,Wednesday,Auto,Pedestrian,,Broadway,Portland St," Broadway & Portland St Cambridge, MA",42.365792,-71.09207,
31762,02/10/2014 09:00:00 AM,Monday,Auto,Pedestrian,,North Point Blvd,Museum Way,"North Point Blvd & Museum Way Cambridge, MA",42.370369,-71.0708389,
29266,06/11/2013 12:49:00 PM,Tuesday,Auto,Pedestrian,55,FIRST ST,,"55 FIRST ST Cambridge, MA",42.369223,-71.077605,
26360,08/17/2011 12:30:00 PM,Wednesday,Van,Pedestrian,,Cambridge St,HUNTING ST," Cambridge St & HUNTING ST Cambridge, MA",42.372479,-71.091202,
32578,08/21/2014 10:54:00 PM,Thursday,Auto,Pedestrian,,Cambridge St,LEONARD AVE,"Cambridge St & LEONARD AVE Cambridge, MA",42.3743858,-71.1059113,
26788,11/12/2011 11:15:00 AM,Saturday,Auto,Pedestrian,,Cambridge St,ELM ST," Cambridge St & ELM ST Cambridge, MA",42.373017,-71.095346,
26711,10/27/2011 08:19:00 PM,Thursday,Auto,Pedestrian,,MAIN ST,Broadway," MAIN ST & Broadway Cambridge, MA",42.362071,-71.082667,
30384,02/09/2012 08:06:00 PM,Thursday,Auto,Pedestrian,1,Broadway,Third St,"1 Broadway Cambridge, MA",42.36273,-71.084014,
28980,04/11/2013 06:30:00 PM,Thursday,Auto,Pedestrian,,PARK AVE,HIGH ST," PARK AVE & HIGH ST Cambridge, MA",42.37809,-71.148781,
31178,08/21/2012 05:00:00 PM,Tuesday,Auto,Pedestrian,,Broadway,Antrim St," Broadway & Antrim St Cambridge, MA",42.370399,-71.103764,
26725,10/29/2011 06:01:00 PM,Saturday,Auto,Pedestrian,660,Cambridge St,,"660 Cambridge St Cambridge, MA",42.371918,-71.087614,
30236,01/06/2012 04:50:00 PM,Friday,Auto,Pedestrian,355,Binney St,,"355 Binney St Cambridge, MA",42.367297,-71.089677,
30595,04/05/2012 08:03:00 PM,Thursday,Auto,Pedestrian,,New St,Fresh Pond Ln," New St & Fresh Pond Ln Cambridge, MA",42.386721,-71.14101,
26459,09/08/2011 09:10:00 AM,Thursday,Auto,Pedestrian,,Cambridge St,FIFTH ST," Cambridge St & FIFTH ST Cambridge, MA",42.371444,-71.08314,
30717,05/07/2012 08:29:00 AM,Monday,Auto,Pedestrian,185,Alewife Brook Pky,,"185 Alewife Brook Pky Cambridge, MA",42.390208,-71.142109,
30647,04/23/2012 06:59:00 PM,Monday,Auto,Pedestrian,85`,Putnam Ave,,"85` Putnam Ave Cambridge, MA",42.367421,-71.11368,
30421,02/19/2012 01:14:00 PM,Sunday,Auto,Pedestrian,,Massachusetts Ave,Trowbridge St," Massachusetts Ave & Trowbridge St Cambridge, MA",42.370095,-71.112929,
26899,12/07/2011 08:30:00 PM,Wednesday,Auto,Pedestrian,96,Concord Ave,,"96 Concord Ave Cambridge, MA",42.381294,-71.129389,
24895,10/06/2010 08:58:00 PM,Wednesday,Auto,Pedestrian,3,EXETER PARK,,"3 EXETER PARK Cambridge, MA",42.384959,-71.11864,
29351,07/02/2013 02:19:00 PM,Tuesday,Auto,Pedestrian,,Massachusetts Ave,SOMERVILLE AVE," Massachusetts Ave & SOMERVILLE AVE Cambridge, MA",42.388965,-71.119695,
29119,05/14/2013 12:37:00 PM,Thursday,Auto,Pedestrian,,Portland St,MAIN ST," Portland St & MAIN ST Cambridge, MA",42.362974,-71.093634,
26330,08/10/2011 11:12:00 AM,Wednesday,Auto,Pedestrian,,Massachusetts Ave,ESSEX ST," Massachusetts Ave & ESSEX ST Cambridge, MA",42.36508,-71.10318,
25602,02/18/2011 08:04:00 PM,Friday,Auto,Pedestrian,,Third St,Broadway," Third St & Broadway Cambridge, MA",42.362667,-71.084325,
32204,05/27/2014 07:41:00 AM,Tuesday,Auto,Pedestrian,,FULKERSON ST,Thorndike Pl,"FULKERSON ST & Thorndike Pl Cambridge, MA",42.3705482,-71.0872345,
26140,06/24/2011 10:50:00 PM,Friday,Auto,Pedestrian,,Massachusetts Ave,Blanchard Rd," Massachusetts Ave & Blanchard Rd Cambridge, MA",42.362647,-71.099069,
30332,01/29/2012 06:14:00 PM,Sunday,MBTA Bus,Pedestrian,,Massachusetts Ave,PEARL ST," Massachusetts Ave & PEARL ST Cambridge, MA",42.36471,-71.102567,
30605,02/18/2012 08:42:00 AM,,Auto,Pedestrian,,MOUNT AUBURN ST,Sparks St," MOUNT AUBURN ST & Sparks St Cambridge, MA",42.3747,-71.130587,
33234,12/16/2014 03:23:00 AM,Tuesday,Auto,Pedestrian,,HARVARD ST,LEE ST,"HARVARD ST & LEE ST Cambridge, MA",42.3697624,-71.1058502,
24882,10/05/2010 12:30:00 PM,Tuesday,Auto,Pedestrian,84-1,Massachusetts Ave,,"84-1 Massachusetts Ave Cambridge, MA",42.359339,-71.093922,
24726,09/06/2010 06:24:00 PM,Monday,Auto,Pedestrian,1193,Cambridge St,,"1193 Cambridge St Cambridge, MA",42.373355,-71.097192,
31354,09/29/2012 03:55:00 PM,Saturday,Auto,Pedestrian,,Gore St,SEVENTH ST," Gore St & SEVENTH ST Cambridge, MA",42.372557,-71.085138,
31636,12/04/2012 12:00:00 AM,Tuesday,Auto,Pedestrian,,Cambridge St,FIRST ST," Cambridge St & FIRST ST Cambridge, MA",42.370636,-71.076934,
24914,10/10/2010 04:30:00 PM,Sunday,Auto,Pedestrian,,MOUNT AUBURN ST,ELIOT ST," MOUNT AUBURN ST & ELIOT ST Cambridge, MA",42.372869,-71.1214,
31506,10/31/2012 05:35:00 PM,Wednesday,Auto,Pedestrian,21,Walden St,,"21 Walden St Cambridge, MA",42.390613,-71.123973,
29006,04/18/2013 07:44:00 AM,Thursday,Auto,Pedestrian,,Hampshire St,Tremont St," Hampshire St & Tremont St Cambridge, MA",42.371501,-71.098121,
31385,10/05/2012 04:18:00 PM,Friday,MBTA Bus,Pedestrian,,University Pl,MOUNT AUBURN ST," University Pl & MOUNT AUBURN ST Cambridge, MA",42.373365,-71.122973,
26723,10/29/2011 12:20:00 PM,Saturday,Auto,Pedestrian,49,White St,,"49 White St Cambridge, MA",42.389703,-71.118304,
32447,07/16/2014 10:46:00 PM,Wednesday,Bicycle,Pedestrian,,Western Ave,MEMORIAL DR,"Western Ave & MEMORIAL DR Cambridge, MA",42.3643036,-71.11607359999999,
31180,08/22/2012 04:05:00 AM,Wednesday,Auto,Pedestrian,,Antrim St,Broadway," Antrim St & Broadway Cambridge, MA",42.370399,-71.103764,
26581,10/04/2011 09:30:00 PM,Tuesday,Auto,Pedestrian,235,Albany St,,"235 Albany St Cambridge, MA",42.358865,-71.100702,
25801,04/01/2011 07:47:00 PM,Friday,Auto,Pedestrian,,MAIN ST,Vassar St," MAIN ST & Vassar St Cambridge, MA",42.362709,-71.089933,
31994,03/29/2014 09:36:00 PM,Saturday,Auto,Pedestrian,,Leighton,North Point Blvd,"Leighton & North Point Blvd Cambridge, MA",42.3710289,-71.0729218,
32995,10/20/2014 06:50:00 AM,Monday,Auto,Pedestrian,,Albany St,Portland St,"Albany St & Portland St Cambridge, MA",42.3617287,-71.0939789,
30789,05/21/2012 12:59:00 PM,Monday,Auto,Pedestrian,,Massachusetts Ave,Temple St," Massachusetts Ave & Temple St Cambridge, MA",42.365973,-71.104675,
26112,06/19/2011 03:30:00 PM,Sunday,Auto,Pedestrian,,River St,Auburn St," River St & Auburn St Cambridge, MA",42.364574,-71.106688,
33002,10/23/2014 07:24:00 AM,Thursday,Auto,Pedestrian,,Binney St,Sixth St,"Binney St & Sixth St Cambridge, MA",42.3661499,-71.0860748,
28848,03/07/2013 04:00:00 PM,Thursday,Auto,Pedestrian,,Massachusetts Ave,Vassar St," Massachusetts Ave & Vassar St Cambridge, MA",42.360154,-71.094882,
31985,04/03/2014 08:41:00 PM,Thursday,Auto,Pedestrian,,Broadway,Columbia St,"Broadway & Columbia St Cambridge, MA",42.3678703,-71.0973587,
26293,08/02/2011 06:21:00 PM,Tuesday,Auto,Pedestrian,,Broadway,Portland St," Broadway & Portland St Cambridge, MA",42.365792,-71.09207,
30114,12/29/2013 05:55:00 PM,Sunday,Auto,Pedestrian,,Cambridge St,Columbia St," Cambridge St & Columbia St Cambridge, MA",42.372912,-71.094512,
26206,07/14/2011 08:45:00 AM,Thursday,Auto,Pedestrian,120,Vassar St,,"120 Vassar St Cambridge, MA",42.358848,-71.096286,
29672,09/24/2013 06:40:00 PM,Tuesday,Auto,Pedestrian,,Broadway,QUINCY ST," Broadway & QUINCY ST Cambridge, MA",42.374832,-71.114477,
31657,12/07/2012 07:41:00 PM,,Auto,Pedestrian,65,FIFTH ST,,"65 FIFTH ST Cambridge, MA",42.371025,-71.083334,
30334,01/30/2012 12:04:00 PM,Monday,Auto,Pedestrian,,Cambridge St,Columbia St," Cambridge St & Columbia St Cambridge, MA",42.372912,-71.094512,
33071,11/22/2014 06:12:00 PM,Saturday,Auto,Pedestrian,,MOUNT AUBURN ST,DUNSTER ST,"MOUNT AUBURN ST & DUNSTER ST Cambridge, MA",42.3722534,-71.119339,
26108,06/17/2011 12:04:00 PM,Friday,Auto,Pedestrian,,GREEN ST,MAGAZINE ST," GREEN ST & MAGAZINE ST Cambridge, MA",42.365012,-71.104586,
32069,04/24/2014 01:44:00 PM,Thursday,Auto,Pedestrian,,Massachusetts Ave,Norfolk St,"Massachusetts Ave & Norfolk St Cambridge, MA",42.3644257,-71.1020813,
31545,11/08/2012 12:30:00 PM,Thursday,Auto,Pedestrian,,HARVARD ST,Columbia St," HARVARD ST & Columbia St Cambridge, MA",42.366993,-71.097861,
32958,10/02/2014 09:55:00 PM,Thursday,Auto,Pedestrian,,MOUNT AUBURN ST,Sparks St,"MOUNT AUBURN ST & Sparks St Cambridge, MA",42.3746986,-71.1305847,
31242,09/05/2012 01:44:00 PM,Wednesday,Taxi,Pedestrian,,Massachusetts Ave,ESSEX ST," Massachusetts Ave & ESSEX ST Cambridge, MA",42.36508,-71.10318,
30093,12/22/2013 11:23:00 AM,Sunday,Auto,Pedestrian,66,SHERMAN ST,,"66 SHERMAN ST Cambridge, MA",42.38751,-71.131557,
30954,06/27/2012 07:50:00 AM,Wednesday,Auto,Pedestrian,,Massachusetts Ave,Washburn Ave," Massachusetts Ave & Washburn Ave Cambridge, MA",42.398824,-71.131961,
32143,05/09/2014 12:00:00 AM,Friday,Auto,Pedestrian,25,Winter St,,"25 Winter St Cambridge, MA",42.3725128,-71.0804596,
32903,09/18/2014 05:47:00 PM,Thursday,Auto,Pedestrian,,PROSPECT ST,Hampshire St,"PROSPECT ST & Hampshire St Cambridge, MA",42.3722038,-71.0989761,
31623,11/30/2012 11:26:00 AM,Friday,Auto,Pedestrian,196,PROSPECT ST,,"196 PROSPECT ST Cambridge, MA",42.370164,-71.100282,
32381,07/03/2014 10:30:00 PM,Thursday,Auto,Pedestrian,,Cambridge St,Antrim St,"Cambridge St & Antrim St Cambridge, MA",42.3737793,-71.1012344,
31638,12/04/2012 09:46:00 PM,Tuesday,Auto,Pedestrian,,Cambridge St,FIRST ST," Cambridge St & FIRST ST Cambridge, MA",42.370636,-71.076934,
25848,04/13/2011 08:49:00 AM,,Auto,Pedestrian,721,Cambridge St,Cardinal Medeiros Ave,"721 Cambridge St Cambridge, MA",42.372221,-71.08849,
25568,02/11/2011 02:54:00 PM,Friday,Auto,Pedestrian,1742,Massachusetts Ave,,"1742 Massachusetts Ave Cambridge, MA",42.368925,-71.110257,
25675,03/03/2011 11:15:00 AM,Thursday,Auto,Pedestrian,1621,Cambridge St,,"1621 Cambridge St Cambridge, MA",42.374873,-71.109046,
28961,04/05/2013 01:05:00 PM,Friday,Auto,Pedestrian,,HURON AVE,GARDEN ST," HURON AVE & GARDEN ST Cambridge, MA",42.383859,-71.129311,
31684,12/08/2012 07:15:00 PM,Saturday,Auto,Pedestrian,,Chauncy St,GARDEN ST," Chauncy St & GARDEN ST Cambridge, MA",42.378969,-71.124176,
25348,01/17/2011 11:26:00 AM,Monday,Auto,Pedestrian,,PROSPECT ST,Bishop Allen Dr," PROSPECT ST & Bishop Allen Dr Cambridge, MA",42.366343,-71.10316,
31046,07/24/2012 02:29:00 PM,Tuesday,Taxi,Pedestrian,,Cambridge St,Warren Pl," Cambridge St & Warren Pl Cambridge, MA",42.372102,-71.088276,
30625,04/08/2012 02:19:00 AM,,Auto,Pedestrian,625,Massachusetts Ave,,"625 Massachusetts Ave Cambridge, MA",42.365455,-71.103484,
28984,04/13/2013 05:39:00 PM,Saturday,Auto,Pedestrian,,Concord Ave,MOULTON ST," Concord Ave & MOULTON ST Cambridge, MA",42.389615,-71.148119,
26005,05/26/2011 12:00:00 PM,Thursday,Auto,Pedestrian,351,Massachusetts Ave,,"351 Massachusetts Ave Cambridge, MA",42.362817,-71.099075,
29921,10/05/2013 11:00:00 PM,Saturday,Auto,Pedestrian,,Massachusetts Ave,PLYMPTON ST," Massachusetts Ave & PLYMPTON ST Cambridge, MA",42.372694,-71.116418,
32070,04/24/2014 08:32:00 AM,Thursday,Auto,Pedestrian,,FIRST ST,Cambridgeside Pl,"FIRST ST & Cambridgeside Pl Cambridge, MA",42.3672295,-71.0777206,
30991,07/07/2012 07:57:00 AM,,Auto,Pedestrian,,Massachusetts Ave,Russell St," Massachusetts Ave & Russell St Cambridge, MA",42.391769,-71.12387,
26654,10/18/2011 06:33:00 PM,Tuesday,Auto,Pedestrian,,Massachusetts Ave,Churchill Ave," Massachusetts Ave & Churchill Ave Cambridge, MA",42.399821,-71.133489,
29852,10/28/2013 10:30:00 AM,Monday,Auto,Pedestrian,,MAGAZINE ST,Auburn St," MAGAZINE ST & Auburn St Cambridge, MA",42.363987,-71.105712,
26494,09/16/2011 12:00:00 PM,Friday,Auto,Pedestrian,,Broadway,Inman St," Broadway & Inman St Cambridge, MA",42.370072,-71.102933,
28986,04/12/2013 04:24:00 PM,Friday,Auto,Pedestrian,,DUNSTER ST,MOUNT AUBURN ST," DUNSTER ST & MOUNT AUBURN ST Cambridge, MA",42.372252,-71.119339,
32273,06/05/2014 05:43:00 PM,Thursday,Auto,Pedestrian,1735,Massachusetts Ave,,"1735 Massachusetts Ave Cambridge, MA",42.3843346,-71.1194534,
25965,05/16/2011 04:06:00 PM,Monday,Auto,Pedestrian,,Walden St,Vassal Ln," Walden St & Vassal Ln Cambridge, MA",42.38252,-71.135539,
32141,05/10/2014 04:19:00 PM,Saturday,Auto,Pedestrian,,Massachusetts Ave,ESSEX ST,"Massachusetts Ave & ESSEX ST Cambridge, MA",42.365078,-71.1031799,
28906,03/20/2013 08:00:00 PM,Wednesday,Auto,Pedestrian,,HARVARD ST,Norfolk St," HARVARD ST & Norfolk St Cambridge, MA",42.367566,-71.099659,
29783,10/17/2013 03:56:00 PM,Thursday,Pedestrian,Bicycle,,Hampshire St,Cambridge St," Hampshire St & Cambridge St Cambridge, MA",42.373729,-71.100837,
28872,03/13/2013 12:49:00 PM,Wednesday,Auto,Pedestrian,,Broadway,LEE ST," Broadway & LEE ST Cambridge, MA",42.370823,-71.104839,
29678,09/25/2013 12:00:00 PM,Wednesday,Auto,Pedestrian,425,Massachusetts Ave,,"425 Massachusetts Ave Cambridge, MA",42.363664,-71.100482,
26765,11/04/2011 05:29:00 PM,Friday,Auto,Pedestrian,,ELIOT ST,MOUNT AUBURN ST," ELIOT ST & MOUNT AUBURN ST Cambridge, MA",42.372869,-71.1214,
31575,11/17/2012 12:59:00 PM,Saturday,Auto,Pedestrian,699,MOUNT AUBURN ST,,"699 MOUNT AUBURN ST Cambridge, MA",42.375057,-71.148745,
33123,12/05/2014 11:48:00 PM,Friday,Auto,Pedestrian,,Albany St,Massachusetts Ave,"Albany St & Massachusetts Ave Cambridge, MA",42.3608284,-71.0960159,
25103,11/23/2010 05:35:00 PM,Tuesday,Auto,Pedestrian,,Cardinal Medeiros Ave,Hampshire St," Cardinal Medeiros Ave & Hampshire St Cambridge, MA",42.366289,-71.091796,
26910,12/09/2011 02:00:00 PM,Friday,Auto,Pedestrian,2254,Massachusetts Ave,,"2254 Massachusetts Ave Cambridge, MA",42.394062,-71.127055,
30553,03/27/2012 04:50:00 PM,Tuesday,Bus (Other),Pedestrian,,Massachusetts Ave,PEARL ST," Massachusetts Ave & PEARL ST Cambridge, MA",42.36471,-71.102567,
29599,09/08/2013 05:15:00 PM,Sunday,Auto,Pedestrian,,Cambridge St,Cardinal Medeiros Ave," Cambridge St & Cardinal Medeiros Ave Cambridge, MA",42.372123,-71.088456,
26615,10/13/2011 09:14:00 AM,Thursday,Auto,Pedestrian,,Western Ave,Blackstone St," Western Ave & Blackstone St Cambridge, MA",42.364405,-71.11482,
30764,05/17/2012 01:05:00 PM,Thursday,Auto,Pedestrian,,MOUNT AUBURN PL,PLYMPTON ST," MOUNT AUBURN PL & PLYMPTON ST Cambridge, MA",42.371412,-71.117053,
28673,01/31/2013 06:53:00 AM,Thursday,Auto,Pedestrian,266,Massachusetts Ave,,"266 Massachusetts Ave Cambridge, MA",42.361697,-71.098077,
30075,12/16/2013 09:13:00 PM,Monday,Auto,Pedestrian,,Massachusetts Ave,DOUGLASS ST," Massachusetts Ave & DOUGLASS ST Cambridge, MA",42.363897,-71.10119,
30650,04/07/2012 07:15:00 PM,Saturday,Taxi,Pedestrian,,Brookline St,Franklin St," Brookline St & Franklin St Cambridge, MA",42.362868,-71.102435,
26080,06/11/2011 02:38:00 PM,Saturday,Auto,Pedestrian,,Concord Ave,Buckingham St," Concord Ave & Buckingham St Cambridge, MA",42.38111,-71.128817,
29789,10/18/2013 03:02:00 PM,Friday,Auto,Pedestrian,,Columbia St,Bishop Allen Dr," Columbia St & Bishop Allen Dr Cambridge, MA",42.364154,-71.099474,
29318,06/23/2013 06:45:00 PM,Sunday,Auto,Pedestrian,11,Walden Square Rd,,"11 Walden Square Rd Cambridge, MA",42.389383,-71.131073,
25827,04/08/2011 09:20:00 AM,Friday,Auto,Pedestrian,,MOUNT AUBURN ST,Gibson St," MOUNT AUBURN ST & Gibson St Cambridge, MA",42.374824,-71.13259,
26592,10/07/2011 09:40:00 AM,Friday,Bicycle,Pedestrian,583,MOUNT AUBURN ST,,"583 MOUNT AUBURN ST Cambridge, MA",42.375426,-71.145214,
31933,03/14/2014 10:30:00 PM,Friday,Auto,Pedestrian,,Massachusetts Ave,DUDLEY ST,"Massachusetts Ave & DUDLEY ST Cambridge, MA",42.396637,-71.1293869,
31904,03/03/2014 01:23:00 AM,Monday,Auto,Pedestrian,,Massachusetts Ave,Brookline St,"Massachusetts Ave & Brookline St Cambridge, MA",42.3640137,-71.101387,
30554,03/27/2012 06:10:00 PM,Tuesday,Auto,Pedestrian,,MAIN ST,Broadway," MAIN ST & Broadway Cambridge, MA",42.362071,-71.082667,
29436,07/26/2013 04:32:00 PM,Friday,Auto,Pedestrian,,DUNSTER ST,MOUNT AUBURN ST," DUNSTER ST & MOUNT AUBURN ST Cambridge, MA",42.372252,-71.119339,
31413,10/10/2012 11:48:00 AM,Wednesday,Auto,Pedestrian,425,Massachusetts Ave,,"425 Massachusetts Ave Cambridge, MA",42.363664,-71.100482,
32363,06/28/2014 10:33:00 AM,Saturday,Auto,Pedestrian,,Portland St,Washington St,"Portland St & Washington St Cambridge, MA",42.363884,-71.0931549,
28804,02/26/2013 01:19:00 PM,Tuesday,Taxi,Pedestrian,,Massachusetts Ave,Inman St," Massachusetts Ave & Inman St Cambridge, MA",42.36659,-71.10568,
30112,12/27/2013 03:20:00 PM,Friday,Auto,Pedestrian,,MOUNT AUBURN ST,LOWELL ST," MOUNT AUBURN ST & LOWELL ST Cambridge, MA",42.374852,-71.133045,
33164,12/10/2014 08:54:00 PM,Wednesday,Auto,Pedestrian,,Aberdeen Ct,MOUNT AUBURN ST,"Aberdeen Ct & MOUNT AUBURN ST Cambridge, MA",42.3752632,-71.1458282,
24722,09/04/2010 01:31:00 PM,Saturday,Pedestrian,Bicycle,581,Massachusetts Ave,,"581 Massachusetts Ave Cambridge, MA",42.365007,-71.102735,
25694,03/06/2011 01:12:00 AM,Sunday,Auto,Pedestrian,,Broadway,Norfolk St," Broadway & Norfolk St Cambridge, MA",42.36852,-71.099001,
32583,08/23/2014 05:42:00 PM,Saturday,Auto,Pedestrian,,Massachusetts Ave,DAVENPORT ST,"Massachusetts Ave & DAVENPORT ST Cambridge, MA",42.3894196,-71.1200333,
25100,11/22/2010 12:59:00 PM,Monday,Auto,Pedestrian,178,Alewife Brook Pky,,"178 Alewife Brook Pky Cambridge, MA",42.392001,-71.141029,
31112,08/07/2012 02:19:00 PM,Tuesday,Auto,Pedestrian,,MOUNT AUBURN ST,Brattle St," MOUNT AUBURN ST & Brattle St Cambridge, MA",42.375282,-71.145695,
29974,11/23/2013 09:52:00 AM,Saturday,Auto,Pedestrian,77,OXFORD AVE,,"77 OXFORD AVE Cambridge, MA",42.378389,-71.155276,
31300,09/18/2012 01:50:00 PM,Tuesday,Auto,Pedestrian,659,Cambridge St,,"659 Cambridge St Cambridge, MA",42.372969,-71.094525,
31277,09/13/2012 08:19:00 AM,Thursday,Auto,Pedestrian,,Concord Ave,GRISWOLD ST," Concord Ave & GRISWOLD ST Cambridge, MA",42.390977,-71.157285,
29525,08/17/2013 10:09:00 AM,Saturday,Auto,Pedestrian,625,Massachusetts Ave,,"625 Massachusetts Ave Cambridge, MA",42.365455,-71.103484,
29975,11/24/2013 02:15:00 PM,Sunday,Auto,Pedestrian,,PLEASANT ST,Western Ave," PLEASANT ST & Western Ave Cambridge, MA",42.365079,-71.10695,
31438,10/17/2012 09:56:00 AM,Wednesday,School Bus,Pedestrian,,Cambridge St,Columbia St," Cambridge St & Columbia St Cambridge, MA",42.372912,-71.094512,
25321,01/12/2011 01:25:00 PM,Wednesday,Auto,Pedestrian,,PRESCOTT ST,Cambridge St," PRESCOTT ST & Cambridge St Cambridge, MA",42.375355,-71.113415,
26927,12/14/2011 12:00:00 PM,Wednesday,Auto,Pedestrian,4,EXETER PARK,,"4 EXETER PARK Cambridge, MA",42.3847,-71.118585,
29674,09/25/2013 05:38:00 PM,Wednesday,Auto,Pedestrian,1667,MASSACHUSETTS  AVE BRDG,,"1667 MASSACHUSETTS  AVE BRDG Cambridge, MA",42.369202,-71.110689,
25049,11/08/2010 08:00:00 AM,Monday,Auto,Pedestrian,,Bishop Allen Dr,Norfolk St," Bishop Allen Dr & Norfolk St Cambridge, MA",42.365231,-71.101285,
31861,02/24/2014 09:45:00 PM,Monday,Auto,Pedestrian,101,DUNSTER ST,,"101 DUNSTER ST Cambridge, MA",42.3704453,-71.1205139,
26902,12/07/2011 05:19:00 PM,Wednesday,Auto,Pedestrian,,Franklin St,Blanche St," Franklin St & Blanche St Cambridge, MA",42.361555,-71.100224,
26511,09/19/2011 08:36:00 AM,Monday,Auto,Pedestrian,45,Yerxa Rd,,"45 Yerxa Rd Cambridge, MA",42.39169,-71.129329,
28688,02/03/2013 05:29:00 PM,Sunday,Auto,Pedestrian,,OXFORD AVE,Wendell St," OXFORD AVE & Wendell St Cambridge, MA",42.381554,-71.116331,
26832,11/19/2011 11:29:00 AM,Saturday,Auto,Pedestrian,,Cambridge St,Columbia St," Cambridge St & Columbia St Cambridge, MA",42.372912,-71.094512,
29682,09/26/2013 09:45:00 AM,Thursday,Auto,Pedestrian,,Brookline St,Franklin St," Brookline St & Franklin St Cambridge, MA",42.362868,-71.102435,
30085,12/19/2013 01:34:00 PM,Thursday,Auto,Pedestrian,35,OXFORD ST,,"35 OXFORD ST Cambridge, MA",42.379147,-71.116794,
30762,05/16/2012 10:50:00 PM,Wednesday,Auto,Pedestrian,,PROSPECT ST,Hampshire St," PROSPECT ST & Hampshire St Cambridge, MA",42.372202,-71.098975,
24725,09/06/2010 01:44:00 PM,Monday,Auto,Pedestrian,20,University Rd,,"20 University Rd Cambridge, MA",42.372339,-71.123731,
25585,02/15/2011 06:30:00 PM,Tuesday,Auto,Pedestrian,,Bishop Allen Dr,Inman St," Bishop Allen Dr & Inman St Cambridge, MA",42.367335,-71.104827,
31161,08/15/2012 09:00:00 AM,Wednesday,Auto,Pedestrian,300,Binney St,,"300 Binney St Cambridge, MA",42.366139,-71.087551,
25304,01/07/2011 06:59:00 PM,Friday,Auto,Pedestrian,,Cambridge St,FIRST ST," Cambridge St & FIRST ST Cambridge, MA",42.370636,-71.076934,
25623,01/02/2011 09:04:00 PM,Saturday,Auto,Pedestrian,,Massachusetts Ave,Norfolk St," Massachusetts Ave & Norfolk St Cambridge, MA",42.364424,-71.102083,
33056,11/20/2014 12:20:00 AM,Thursday,Auto,Pedestrian,,Brattle St,MOUNT AUBURN ST,"Brattle St & MOUNT AUBURN ST Cambridge, MA",42.3752823,-71.1456985,
25554,02/10/2011 08:49:00 AM,Thursday,Auto,Pedestrian,2440,Massachusetts Ave,,"2440 Massachusetts Ave Cambridge, MA",42.397947,-71.131418,
26884,04/30/2011 01:30:00 PM,Saturday,Auto,Pedestrian,211,Alewife Brook Pky,,"211 Alewife Brook Pky Cambridge, MA",42.389554,-71.142675,
31485,10/28/2012 12:08:00 PM,Sunday,Taxi,Pedestrian,,MAGAZINE ST,Lawrence St," MAGAZINE ST & Lawrence St Cambridge, MA",42.361939,-71.107973,
26666,10/20/2011 02:45:00 PM,Thursday,Auto,Pedestrian,,Windsor St,Cambridge St," Windsor St & Cambridge St Cambridge, MA",42.37275,-71.093288,
31042,07/21/2012 08:35:00 PM,Saturday,Auto,Pedestrian,215,Alewife Brook Pky,,"215 Alewife Brook Pky Cambridge, MA",42.389388,-71.14282,
26883,12/03/2011 09:34:00 PM,Saturday,MBTA Bus,Pedestrian,,Cambridge St,Warren St," Cambridge St & Warren St Cambridge, MA",42.372102,-71.088276,
30577,04/03/2012 01:40:00 PM,Tuesday,Auto,Pedestrian,,Brookline St,Chestnut St," Brookline St & Chestnut St Cambridge, MA",42.356638,-71.108802,
29701,09/30/2013 04:06:00 PM,Monday,Auto,Pedestrian,,Columbia St,HARVARD SQ," Columbia St & HARVARD SQ Cambridge, MA",42.366993,-71.097861,
29584,09/04/2013 06:07:00 PM,Wednesday,Auto,Pedestrian,,PROSPECT ST,Bishop Allen Dr," PROSPECT ST & Bishop Allen Dr Cambridge, MA",42.366343,-71.10316,
32513,08/10/2014 08:56:00 PM,Sunday,Auto,Pedestrian,,ELM ST,Cambridge St,"ELM ST & Cambridge St Cambridge, MA",42.3730164,-71.0953445,
26553,09/29/2011 12:00:00 AM,Thursday,Auto,Pedestrian,,GREEN ST,Western Ave," GREEN ST & Western Ave Cambridge, MA",42.36527,-71.105023,
33162,12/10/2014 02:18:00 PM,Wednesday,Auto,Pedestrian,,HURON AVE,GROVE AVE,"HURON AVE & GROVE AVE Cambridge, MA",42.3822289,-71.1579361,
25925,05/06/2011 09:00:00 AM,,Truck,Pedestrian,,Windsor St,Broadway," Windsor St & Broadway Cambridge, MA",42.367107,-71.095416,
31650,12/06/2012 02:19:00 PM,,Auto,Pedestrian,200,MAIN ST,,"200 MAIN ST Cambridge, MA",42.36278,-71.091821,
31436,10/16/2012 12:10:00 PM,Tuesday,Auto,Pedestrian,,Massachusetts Ave,DUDLEY ST," Massachusetts Ave & DUDLEY ST Cambridge, MA",42.396635,-71.129385,
26050,05/31/2011 09:24:00 PM,Tuesday,Auto,Pedestrian,,Tremont St,Cambridge St," Tremont St & Cambridge St Cambridge, MA",42.37325,-71.09713,
32088,04/30/2014 10:41:00 AM,Wednesday,Auto,Pedestrian,,OXFORD AVE,EVERETT ST,"OXFORD AVE & EVERETT ST Cambridge, MA",42.3798218,-71.1165085,
32892,09/05/2014 04:09:00 AM,Friday,Auto,Pedestrian,,Massachusetts Ave,EVERETT ST,"Massachusetts Ave & EVERETT ST Cambridge, MA",42.3799896,-71.1199265,
29554,08/26/2013 09:05:00 PM,Monday,Auto,Pedestrian,,Massachusetts Ave,Albany St," Massachusetts Ave & Albany St Cambridge, MA",42.360828,-71.096012,
30413,02/17/2012 03:53:00 PM,Friday,Auto,Pedestrian,13,Tremont St,,"13 Tremont St Cambridge, MA",42.369516,-71.099659,
26523,09/21/2011 10:44:00 PM,Wednesday,Auto,Pedestrian,,Franklin St,PEARL ST," Franklin St & PEARL ST Cambridge, MA",42.363651,-71.103735,
29254,06/07/2013 06:59:00 PM,Friday,Auto,Pedestrian,465,Cambridge St,,"465 Cambridge St Cambridge, MA",42.371646,-71.083984,
26728,10/30/2011 12:45:00 PM,Sunday,Auto,Pedestrian,,PROSPECT ST,Bishop Allen Dr," PROSPECT ST & Bishop Allen Dr Cambridge, MA",42.366343,-71.10316,
32723,09/22/2014 05:35:00 PM,Monday,Auto,Pedestrian,,KIRKLAND ST,QUINCY ST,"KIRKLAND ST & QUINCY ST Cambridge, MA",42.3766365,-71.1140823,
29784,10/17/2013 02:58:00 PM,Thursday,Auto,Pedestrian,1,White St,,"1 White St Cambridge, MA",42.389238,-71.119527,
24989,10/23/2010 10:50:00 PM,Saturday,Auto,Pedestrian,,Massachusetts Ave,PLYMPTON ST," Massachusetts Ave & PLYMPTON ST Cambridge, MA",42.372694,-71.116418,
28931,03/30/2013 09:56:00 AM,Saturday,Auto,Pedestrian,199,Alewife Brook Pky,,"199 Alewife Brook Pky Cambridge, MA",42.390054,-71.142243,
25798,03/30/2011 12:14:00 PM,Monday,Auto,Pedestrian,,Cambridge St,Hampshire St," Cambridge St & Hampshire St Cambridge, MA",42.373729,-71.100837,
30006,12/01/2013 02:36:00 PM,Sunday,Auto,Pedestrian,30,Brattle St,,"30 Brattle St Cambridge, MA",42.37314,-71.120664,
26302,08/04/2011 04:05:00 PM,Thursday,Bicycle,Pedestrian,183,PROSPECT ST,,"183 PROSPECT ST Cambridge, MA",42.36992,-71.100806,
25486,02/04/2011 03:04:00 PM,Friday,Auto,Pedestrian,,Massachusetts Ave,White St," Massachusetts Ave & White St Cambridge, MA",42.388676,-71.119242,
29771,10/13/2013 05:29:00 PM,Sunday,Auto,Pedestrian,2055,Massachusetts Ave,,"2055 Massachusetts Ave Cambridge, MA",42.391393,-71.122276,
28681,01/31/2013 02:00:00 PM,Thursday,Auto,Pedestrian,,Galileo Galilei Way,Broadway," Galileo Galilei Way & Broadway Cambridge, MA",42.364802,-71.089413,
26067,06/09/2011 03:45:00 PM,Thursday,Taxi,Pedestrian,515,Massachusetts Ave,,"515 Massachusetts Ave Cambridge, MA",42.364432,-71.101772,
29778,10/11/2013 12:00:00 AM,Friday,Auto,Pedestrian,,LINE ST,LEONARD AVE," LINE ST & LEONARD AVE Cambridge, MA",42.376318,-71.105368,
30321,01/25/2012 06:04:00 PM,Wednesday,Auto,Pedestrian,842,Massachusetts Ave,,"842 Massachusetts Ave Cambridge, MA",42.367296,-71.107019,
32533,08/13/2014 10:21:00 AM,Wednesday,Auto,Pedestrian,1146,Cambridge St,Norfolk St,"1146 Cambridge St Cambridge, MA",42.3731422,-71.0963135,
30026,12/07/2013 01:06:00 PM,Saturday,Auto,Pedestrian,1920,Massachusetts Ave,,"1920 Massachusetts Ave Cambridge, MA",42.389044,-71.119951,
31634,12/03/2012 08:35:00 AM,Saturday,Auto,Pedestrian,,FIELD ST,Alpine Pl," FIELD ST & Alpine Pl Cambridge, MA",42.3862,-71.136549,
26457,09/08/2011 03:00:00 AM,Thursday,Auto,Pedestrian,,KIRKLAND ST,Trowbridge St," KIRKLAND ST & Trowbridge St Cambridge, MA",42.377629,-71.109393,
29145,05/17/2013 03:14:00 PM,Friday,Auto,Pedestrian,,Broadway,Third St," Broadway & Third St Cambridge, MA",42.362667,-71.084325,
26879,12/02/2011 12:45:00 PM,Friday,Auto,Pedestrian,,MAIN ST,Portland St," MAIN ST & Portland St Cambridge, MA",42.362974,-71.093634,
29179,05/23/2013 10:05:00 PM,Thursday,Auto,Pedestrian,,Massachusetts Ave,PLYMOUTH ST," Massachusetts Ave & PLYMOUTH ST Cambridge, MA",42.372694,-71.116418,
29748,10/02/2013 01:19:00 PM,Wednesday,Auto,Pedestrian,,SOMERVILLE AVE,Massachusetts Ave," SOMERVILLE AVE & Massachusetts Ave Cambridge, MA",42.388965,-71.119695,
31555,11/11/2012 03:20:00 PM,Sunday,Auto,Pedestrian,545,Massachusetts Ave,,"545 Massachusetts Ave Cambridge, MA",42.36452,-71.102128,
26529,09/23/2011 09:49:00 AM,Friday,Taxi,Pedestrian,,Broadway,Windsor St," Broadway & Windsor St Cambridge, MA",42.367107,-71.095416,
25901,04/30/2011 09:00:00 AM,Wednesday,Auto,Pedestrian,189,Upland Rd,,"189 Upland Rd Cambridge, MA",42.386561,-71.126595,
26984,12/27/2011 09:00:00 PM,Tuesday,Auto,Pedestrian,,Massachusetts Ave,Landsdowne St," Massachusetts Ave & Landsdowne St Cambridge, MA",42.361746,-71.097556,
33205,12/18/2014 08:45:00 AM,Thursday,Auto,Pedestrian,,FIRST ST,Thorndike St,"FIRST ST & Thorndike St Cambridge, MA",42.3692551,-71.0772476,
31625,11/30/2012 02:48:00 PM,Friday,Auto,Pedestrian,,MASON ST,Brattle St," MASON ST & Brattle St Cambridge, MA",42.375986,-71.124614,
30562,03/21/2012 02:35:00 PM,Wednesday,Auto,Pedestrian,2254,Massachusetts Ave,,"2254 Massachusetts Ave Cambridge, MA",42.394062,-71.127055,
32687,09/15/2014 09:27:00 AM,Monday,Truck,Pedestrian,,Putnam Ave,Magee St,"Putnam Ave & Magee St Cambridge, MA",42.366394,-71.1135559,
31796,02/13/2014 03:01:00 PM,Thursday,Auto,Pedestrian,,Broadway,Crawford St,"Broadway & Crawford St Cambridge, MA",42.3716087,-71.1068192,
32248,05/20/2014 12:27:00 PM,Tuesday,Auto,Pedestrian,699,MOUNT AUBURN ST,HOMER AVE,"699 MOUNT AUBURN ST Cambridge, MA",42.3747215,-71.1494598,
28922,03/28/2013 12:20:00 PM,Thursday,Auto,Pedestrian,,River St,Auburn St," River St & Auburn St Cambridge, MA",42.364574,-71.106688,
29080,05/04/2013 01:19:00 PM,Saturday,Motorcycle,Pedestrian,1256,Massachusetts Ave,,"1256 Massachusetts Ave Cambridge, MA",42.372549,-71.116292,
25054,11/09/2010 06:01:00 PM,Tuesday,Auto,Pedestrian,,Walden St,Richdale Ave," Walden St & Richdale Ave Cambridge, MA",42.388942,-71.125,
32012,03/29/2014 09:36:00 PM,Tuesday,Auto,Pedestrian,,Leighton,North Point Blvd,"Leighton & North Point Blvd Cambridge, MA",42.3710289,-71.0729218,
25979,05/21/2011 10:48:00 AM,Saturday,Auto,Pedestrian,173,Cambridge St,,"173 Cambridge St Cambridge, MA",42.371033,-71.078758,
30435,02/23/2012 09:02:00 AM,Thursday,Auto,Pedestrian,125,Vassar St,,"125 Vassar St Cambridge, MA",42.359251,-71.096935,
30193,01/24/2014 03:01:00 PM,Friday,Auto,Pedestrian,13,GARDNER RD,,"13 GARDNER RD Cambridge, MA",42.3708878,-71.099884,
26324,08/09/2011 01:30:00 PM,Tuesday,Auto,Pedestrian,,FRANCIS AVE,River St," FRANCIS AVE & River St Cambridge, MA",42.363569,-71.109686,
30691,05/03/2012 07:44:00 AM,Thursday,Auto,Pedestrian,,JFK St,MOUNT AUBURN ST," JFK St & MOUNT AUBURN ST Cambridge, MA",42.372566,-71.120145,
30705,05/05/2012 01:54:00 PM,Saturday,Auto,Pedestrian,1878,Massachusetts Ave,,"1878 Massachusetts Ave Cambridge, MA",42.388283,-71.119617,
31794,02/13/2014 01:40:00 PM,Thursday,Auto,Pedestrian,,Cardinal Medeiros Ave,Cambridge St,"Cardinal Medeiros Ave & Cambridge St Cambridge, MA",42.3721237,-71.0884552,
32597,08/28/2014 11:49:00 AM,Thursday,Auto,Pedestrian,,GREEN ST,Western Ave,"GREEN ST & Western Ave Cambridge, MA",42.3652687,-71.1050262,
32738,09/25/2014 07:15:00 AM,Thursday,Auto,Pedestrian,100,Landsdowne St,,"100 Landsdowne St Cambridge, MA",42.3600845,-71.1013489,
28678,01/31/2013 07:15:00 AM,Thursday,Auto,Pedestrian,14,Cambridge St,Binney St,"14 Cambridge St Cambridge, MA",42.372861,-71.09455,
32167,05/15/2014 11:00:00 AM,Thursday,Pedestrian,Auto,,Massachusetts Ave,Brookline St,"Massachusetts Ave & Brookline St Cambridge, MA",42.3640137,-71.101387,
32352,06/30/2014 02:10:00 PM,Monday,Auto,Pedestrian,,JFK St,MOUNT AUBURN ST,"JFK St & MOUNT AUBURN ST Cambridge, MA",42.3725662,-71.1201477,
29126,05/14/2013 05:46:00 PM,Tuesday,Bicycle,Pedestrian,1401,Massachusetts Ave,,"1401 Massachusetts Ave Cambridge, MA",42.369202,-71.110689,
32492,07/31/2014 03:10:00 AM,Thursday,Auto,Pedestrian,,Massachusetts Ave,Peabody St,"Massachusetts Ave & Peabody St Cambridge, MA",42.3740692,-71.1188354,
28650,01/25/2013 03:00:00 PM,Friday,Auto,Pedestrian,,Massachusetts Ave,DAY ST," Massachusetts Ave & DAY ST Cambridge, MA",42.393961,-71.126382,
25326,01/13/2011 11:15:00 AM,Thursday,Auto,Pedestrian,186-,Alewife Brook Pky,,"186- Alewife Brook Pky Cambridge, MA",42.391032,-71.14135,
28981,04/11/2013 10:54:00 PM,Thursday,Truck,Pedestrian,1400,Massachusetts Ave,,"1400 Massachusetts Ave Cambridge, MA",42.373643,-71.119357,
26815,11/16/2011 06:30:00 PM,Wednesday,Auto,Pedestrian,340,River St,,"340 River St Cambridge, MA",42.361142,-71.114151,
25157,12/04/2010 06:00:00 PM,Saturday,Pedestrian,Bicycle,,Massachusetts Ave,Temple St," Massachusetts Ave & Temple St Cambridge, MA",42.365973,-71.104675,
33154,12/09/2014 06:15:00 AM,Tuesday,Auto,Pedestrian,,Massachusetts Ave,Landsdowne St,"Massachusetts Ave & Landsdowne St Cambridge, MA",42.3617439,-71.0975571,
30403,02/15/2012 04:25:00 PM,Wednesday,Auto,Pedestrian,151,Washington Ave,,"151 Washington Ave Cambridge, MA",42.364781,-71.095639,
24982,10/25/2010 10:50:00 PM,Monday,Auto,Pedestrian,,Brattle St,Church St," Brattle St & Church St Cambridge, MA",42.37395,-71.121481,
25366,01/18/2011 08:23:00 PM,Tuesday,Auto,Pedestrian,,Massachusetts Ave,MAGAZINE ST," Massachusetts Ave & MAGAZINE ST Cambridge, MA",42.365574,-71.103991,
25954,05/13/2011 09:08:00 AM,Friday,Taxi,Pedestrian,,Massachusetts Ave,Upland Rd," Massachusetts Ave & Upland Rd Cambridge, MA",42.388173,-71.119415,
25545,02/10/2011 10:30:00 AM,Thursday,Auto,Pedestrian,,Massachusetts Ave,PLEASANT ST," Massachusetts Ave & PLEASANT ST Cambridge, MA",42.366408,-71.105392,
32910,11/06/2014 09:30:00 AM,Thursday,Auto,Pedestrian,60,Vassar St,,"60 Vassar St Cambridge, MA",42.3607597,-71.0936432,
26369,08/19/2011 06:01:00 PM,Friday,Auto,Pedestrian,,Columbia St,Bishop Allen Dr," Columbia St & Bishop Allen Dr Cambridge, MA",42.364154,-71.099474,
29091,05/07/2013 03:24:00 PM,Tuesday,Auto,Pedestrian,,Rindge Ave,Yerxa Rd," Rindge Ave & Yerxa Rd Cambridge, MA",42.392997,-71.129116,
29181,05/24/2013 04:59:00 PM,Friday,Auto,Pedestrian,260,GREEN ST,,"260 GREEN ST Cambridge, MA",42.364317,-71.103566,
29988,11/24/2013 02:00:00 PM,Sunday,Auto,Pedestrian,,Vincent St,Upland Rd," Vincent St & Upland Rd Cambridge, MA",42.386854,-71.125397,
29169,05/22/2013 11:55:00 AM,Wednesday,Auto,Pedestrian,,PLEASANT ST,Chestnut St," PLEASANT ST & Chestnut St Cambridge, MA",42.359411,-71.113571,
25213,12/14/2010 08:33:00 PM,Tuesday,Auto,Pedestrian,,Cambridge St,Dana St," Cambridge St & Dana St Cambridge, MA",42.374529,-71.107034,
25026,10/30/2010 09:00:00 AM,Saturday,Auto,Pedestrian,,Massachusetts Ave,PEARL ST," Massachusetts Ave & PEARL ST Cambridge, MA",42.36471,-71.102567,
33176,12/13/2014 09:48:00 PM,Saturday,Auto,Pedestrian,,JFK St,Winthrop St,"JFK St & Winthrop St Cambridge, MA",42.3721542,-71.120491,
25293,01/05/2011 04:44:00 PM,Wednesday,Motorcycle,Pedestrian,,Massachusetts Ave,Amherst St," Massachusetts Ave & Amherst St Cambridge, MA",42.358188,-71.093089,
31514,11/02/2012 07:03:00 AM,Friday,Auto,Pedestrian,,Massachusetts Ave,Vassar St," Massachusetts Ave & Vassar St Cambridge, MA",42.360154,-71.094882,
26735,11/02/2011 01:09:00 PM,Wednesday,Auto,Pedestrian,,Trowbridge St,Cambridge St," Trowbridge St & Cambridge St Cambridge, MA",42.374918,-71.11006,
26869,11/30/2011 10:25:00 AM,Wednesday,Auto,Pedestrian,860,Massachusetts Ave,,"860 Massachusetts Ave Cambridge, MA",42.367482,-71.107324,
30056,12/12/2013 05:30:00 PM,Thursday,Auto,Pedestrian,,Broadway,Trowbridge Pl," Broadway & Trowbridge Pl Cambridge, MA",42.373196,-71.110836,
33137,12/02/2014 05:50:00 PM,Tuesday,Auto,Pedestrian,330,MOUNT AUBURN ST,Channing St,"330 MOUNT AUBURN ST Cambridge, MA",42.3749542,-71.1347198,
26450,09/05/2011 02:49:00 PM,Monday,Auto,Pedestrian,,Massachusetts Ave,Alewife Brook Pky," Massachusetts Ave & Alewife Brook Pky Cambridge, MA",42.400935,-71.135995,
33170,12/16/2014 09:33:00 AM,Tuesday,Auto,Pedestrian,,PROSPECT ST,Bishop Allen Dr,"PROSPECT ST & Bishop Allen Dr Cambridge, MA",42.3663445,-71.103157,
28659,01/27/2013 01:44:00 AM,Sunday,Auto,Pedestrian,,Massachusetts Ave,DOUGLASS ST," Massachusetts Ave & DOUGLASS ST Cambridge, MA",42.363897,-71.10119,
25853,04/14/2011 07:15:00 AM,,Auto,Pedestrian,,River St,MEMORIAL DR," River St & MEMORIAL DR Cambridge, MA",42.361462,-71.115963,
25723,03/14/2011 08:30:00 PM,Monday,Auto,Pedestrian,,MAIN ST,Galileo Galilei Way," MAIN ST & Galileo Galilei Way Cambridge, MA",42.362717,-71.089961,
30098,12/22/2013 09:18:00 PM,Sunday,Auto,Pedestrian,,Beech St,ELM ST," Beech St & ELM ST Cambridge, MA",42.39151,-71.119059,
30661,04/10/2012 03:10:00 PM,Tuesday,Auto,Pedestrian,,Cambridge St,Second St," Cambridge St & Second St Cambridge, MA",42.370859,-71.078595,
25126,11/29/2010 07:15:00 PM,Monday,Auto,Pedestrian,,Cambridge St,ELLERY ST," Cambridge St & ELLERY ST Cambridge, MA",42.374698,-71.108336,
30914,06/13/2012 11:15:00 AM,Wednesday,Auto,Pedestrian,,HURLEY ST,FIRST ST," HURLEY ST & FIRST ST Cambridge, MA",42.367908,-71.077563,
28611,01/12/2013 07:25:00 PM,Saturday,Auto,Pedestrian,,Broadway,Galileo Galilei Way," Broadway & Galileo Galilei Way Cambridge, MA",42.364812,-71.089386,
28754,02/15/2013 02:42:00 PM,Friday,Auto,Pedestrian,,Albany St,MASSACHUSETTS  AVE BRDG," Albany St & MASSACHUSETTS  AVE BRDG Cambridge, MA",42.360828,-71.096012,
25889,04/26/2011 07:18:00 PM,,Auto,Pedestrian,355,Binney St,,"355 Binney St Cambridge, MA",42.367297,-71.089677,
28932,03/30/2013 06:59:00 PM,Saturday,Auto,Pedestrian,,Rindge Ave,Haskell St," Rindge Ave & Haskell St Cambridge, MA",42.392608,-71.127547,
31676,12/08/2012 07:40:00 PM,Saturday,Auto,Pedestrian,,GARDEN ST,Chauncy Ln," GARDEN ST & Chauncy Ln Cambridge, MA",42.378966,-71.124162,
30533,03/22/2012 12:00:00 AM,Thursday,Auto,Pedestrian,,Third St,Rogers St," Third St & Rogers St Cambridge, MA",42.366388,-71.082001,
28967,04/06/2013 02:16:00 AM,Saturday,Auto,Pedestrian,,PROSPECT ST,Hampshire St," PROSPECT ST & Hampshire St Cambridge, MA",42.372202,-71.098975,
29961,11/20/2013 12:00:00 AM,Wednesday,Auto,Pedestrian,,Cedar St,NORRIS ST," Cedar St & NORRIS ST Cambridge, MA",42.39474,-71.130831,
29088,05/06/2013 07:59:00 PM,Monday,Auto,Pedestrian,,MAIN ST,Sidney St," MAIN ST & Sidney St Cambridge, MA",42.363415,-71.099417,
30511,03/16/2012 04:47:00 PM,Friday,Auto,Pedestrian,,GREEN ST,Sidney St," GREEN ST & Sidney St Cambridge, MA",42.362384,-71.100192,
30162,01/15/2014 12:43:00 PM,Wednesday,Auto,Pedestrian,,Broadway,Inman Sq,"Broadway & Inman Sq Cambridge, MA",42.3700714,-71.1029358,
24811,09/23/2010 05:06:00 PM,Thursday,Auto,Pedestrian,,KINNAIRD ST,HANCOCK ST," KINNAIRD ST & HANCOCK ST Cambridge, MA",42.366803,-71.110418,
29544,08/22/2013 02:04:00 PM,Thursday,Auto,Pedestrian,,JFK St,Brattle St," JFK St & Brattle St Cambridge, MA",42.372774,-71.120658,
28623,01/17/2013 11:57:00 AM,Thursday,School Bus,Pedestrian,119,Windsor St,,"119 Windsor St Cambridge, MA",42.364486,-71.096737,
24744,09/11/2010 01:47:00 AM,Saturday,Auto,Pedestrian,9,Linden St,,"9 Linden St Cambridge, MA",42.372365,-71.117433,
25230,12/20/2010 11:39:00 AM,Monday,Auto,Pedestrian,600,Massachusetts Ave,,"600 Massachusetts Ave Cambridge, MA",42.36492,-71.103228,
26506,09/18/2011 03:45:00 PM,Sunday,Auto,Pedestrian,275,FRESH POND PKY,,"275 FRESH POND PKY Cambridge, MA",42.383769,-71.141606,
26962,12/20/2011 03:30:00 PM,Tuesday,Auto,Pedestrian,,Massachusetts Ave,HARVARD YARD," Massachusetts Ave & HARVARD YARD Cambridge, MA",42.374384,-71.118788,
29956,11/19/2013 03:21:00 PM,Tuesday,Auto,Pedestrian,,Blackstone St,Western Ave," Blackstone St & Western Ave Cambridge, MA",42.364405,-71.11482,
31100,08/04/2012 11:46:00 AM,Saturday,Auto,Pedestrian,,ELM ST,LINCOLN ST," ELM ST & LINCOLN ST Cambridge, MA",42.371664,-71.096164,
29142,05/16/2013 04:48:00 PM,Thursday,Auto,Pedestrian,,ROCKINGHAM ST,GRANITE ST," ROCKINGHAM ST & GRANITE ST Cambridge, MA",42.355591,-71.111313,
32337,06/26/2014 08:50:00 PM,Thursday,Auto,Pedestrian,,GARDEN ST,Massachusetts Ave,"GARDEN ST & Massachusetts Ave Cambridge, MA",42.3754883,-71.1199188,
25002,10/28/2010 08:29:00 AM,Thursday,Auto,Pedestrian,,HURON AVE,GURNEY ST," HURON AVE & GURNEY ST Cambridge, MA",42.381226,-71.138323,
